---	---	---	---	---	---	---	---
---	---	---	---	---	---	---	Trust
---	---	---	---	---	---	---	---
---	---	---	---	---	---	---	---
---	---	---	---	Joy	---	---	---
---	Anticipation	---	---	---	---	---	---
---	Anticipation	---	---	---	---	---	---
---	---	---	---	---	---	---	---
---	---	---	---	---	---	---	---
---	---	---	---	---	---	---	---
---	---	---	---	---	---	---	---
---	---	---	---	---	---	---	---
---	---	---	---	---	---	---	---
---	---	---	---	---	---	---	---
---	---	---	---	---	---	---	---
---	---	---	---	---	---	---	---
---	---	---	---	---	---	---	---
---	---	---	---	---	---	Surprise	---
---	---	---	---	---	---	---	---
---	---	---	---	---	---	---	---
---	---	---	---	---	---	---	---
---	---	---	---	---	---	---	---
---	---	---	---	---	---	---	---
Anger	---	Disgust	---	---	---	---	---
Anger	---	---	---	---	---	---	---
---	---	---	---	---	---	---	---
---	---	---	---	---	---	---	---
---	Anticipation	---	---	---	---	---	---
---	---	---	---	---	---	---	---
---	Anticipation	---	---	---	---	---	---
---	---	---	---	---	---	---	---
---	---	---	---	---	---	---	---
---	---	---	---	---	---	---	---
---	Anticipation	---	---	---	---	---	---
---	---	---	---	---	---	---	---
---	---	---	---	---	---	---	---
---	---	---	---	---	---	---	---
---	---	---	---	---	---	---	---
---	---	---	---	---	---	---	---
---	---	---	---	---	---	---	---
---	---	---	---	---	---	---	---
Anger	---	Disgust	---	---	---	---	---
---	Anticipation	---	---	---	---	---	---
Anger	---	---	---	---	---	---	---
---	---	---	---	---	---	---	---
---	---	---	---	---	---	---	---
---	---	---	---	---	---	---	---
---	Anticipation	---	---	---	---	---	---
---	---	---	---	Joy	---	---	---
---	---	---	---	---	---	---	---
---	---	---	---	---	---	---	---
---	---	---	---	---	---	---	---
---	---	---	---	---	---	---	---
---	---	Disgust	---	---	---	---	---
---	---	---	---	---	---	---	---
---	---	---	---	---	---	---	---
---	---	---	---	Joy	---	---	Trust
---	---	---	---	---	---	---	---
---	---	---	---	Joy	---	---	---
---	---	---	---	---	---	---	---
---	---	---	---	---	---	---	---
---	---	---	---	---	---	---	---
---	Anticipation	---	---	---	---	---	Trust
Anger	---	Disgust	---	---	---	---	---
---	---	---	---	---	---	---	---
---	---	---	---	---	---	---	---
---	---	---	---	---	---	---	---
---	---	---	---	---	---	---	---
---	---	---	---	---	---	---	---
---	---	---	---	---	---	---	---
---	---	---	---	---	---	---	---
---	---	---	---	---	---	---	---
---	---	---	---	---	---	---	---
---	---	---	---	---	---	---	---
Anger	---	---	---	---	---	---	---
---	---	---	---	---	---	---	---
---	---	---	---	---	---	---	---
---	---	---	---	---	---	---	---
---	---	---	---	---	---	---	---
---	---	---	---	---	---	---	---
---	---	---	---	---	---	---	---
---	---	---	---	---	---	---	---
---	---	---	---	---	---	---	---
---	---	---	---	---	---	---	---
---	---	---	---	---	---	---	---
---	---	---	---	---	---	---	---
---	---	---	---	---	Sadness	---	---
---	---	---	---	---	---	---	---
---	---	---	---	Joy	---	---	---
---	---	---	---	---	---	---	---
Anger	---	---	---	---	---	---	---
---	---	---	---	---	---	---	---
---	---	---	---	---	Sadness	---	---
---	---	---	---	---	Sadness	---	---
Anger	---	---	---	---	---	---	---
---	---	---	---	---	---	---	---
---	---	---	---	---	---	---	---
---	---	---	---	---	---	---	---
---	---	---	---	---	---	---	---
---	---	---	---	---	---	---	---
---	---	---	---	---	---	---	Trust
---	---	---	---	---	---	---	Trust
---	---	---	---	---	---	---	Trust
---	---	---	---	---	---	---	---
---	---	---	---	---	---	---	---
---	---	---	---	---	---	---	---
---	---	---	---	---	---	---	Trust
---	---	---	---	---	---	---	---
---	---	---	---	---	---	---	---
XXXXXXXXXXXX EMPTY ANNOTATION
---	---	---	---	---	---	---	---
---	---	---	---	---	---	---	---
---	---	---	---	---	---	---	---
---	---	---	---	---	---	---	Trust
---	---	---	---	---	---	---	Trust
---	---	---	---	---	---	---	---
---	---	---	---	---	---	---	---
Anger	---	---	---	---	---	---	---
---	---	---	---	---	---	---	---
---	---	---	---	---	---	---	Trust
---	---	---	---	---	---	---	---
---	---	---	---	---	---	---	---
---	---	---	---	---	---	---	---
---	---	---	---	---	---	---	---
---	---	---	---	---	---	---	Trust
Anger	---	---	---	---	---	---	---
---	---	---	---	---	---	---	---
---	---	---	---	---	---	---	---
---	---	---	---	---	---	---	---
---	---	---	---	---	---	---	---
---	---	---	---	---	---	---	---
---	---	---	---	---	---	---	Trust
---	---	---	---	---	---	---	---
---	---	---	---	---	---	---	---
---	---	---	---	Joy	---	---	---
---	---	---	---	---	---	---	---
---	---	---	---	---	---	---	---
---	---	---	---	---	---	---	Trust
---	---	---	---	---	---	---	Trust
---	---	---	---	Joy	---	---	Trust
---	---	---	---	---	---	---	---
---	---	---	---	---	---	---	Trust
---	---	---	---	---	---	---	Trust
---	---	---	---	---	---	---	---
---	---	---	---	---	---	---	Trust
---	---	---	---	---	---	---	---
---	---	---	---	---	---	---	---
---	---	---	---	---	---	---	---
---	---	---	---	---	---	---	Trust
---	---	---	---	---	---	---	---
---	---	---	---	---	---	---	---
---	---	---	---	---	---	---	---
---	---	---	---	---	---	---	---
---	---	---	---	---	---	---	---
---	---	---	---	---	---	---	---
---	---	---	---	---	Sadness	---	---
---	---	---	---	---	---	---	---
---	---	---	---	---	---	---	---
---	---	---	---	---	---	---	---
---	---	---	---	---	---	---	---
---	---	---	---	---	---	---	---
---	---	---	---	---	---	---	---
---	---	---	---	---	---	---	---
---	---	---	---	---	---	---	---
---	---	---	---	---	---	---	Trust
---	---	---	---	---	---	---	Trust
---	---	---	---	---	---	---	Trust
---	---	---	---	---	---	---	---
---	---	---	---	---	---	---	---
---	---	---	---	---	---	---	Trust
---	---	---	---	Joy	---	---	---
---	---	---	---	---	---	---	Trust
---	---	---	---	---	---	---	---
---	---	---	---	---	---	---	---
---	---	---	---	---	Sadness	---	---
---	---	---	---	---	---	---	---
---	---	---	---	---	---	---	---
---	---	---	---	---	---	---	---
---	---	---	---	---	---	---	---
---	---	---	---	---	---	---	---
---	---	---	---	---	---	---	---
---	---	---	---	---	---	---	---
---	---	---	---	---	---	---	---
---	---	---	---	---	---	---	---
---	---	---	---	---	---	---	---
---	---	---	---	Joy	---	---	Trust
---	---	---	---	---	---	---	---
---	---	---	---	Joy	---	---	---
---	---	---	---	---	---	---	---
---	---	---	---	---	---	---	---
---	---	---	---	---	---	---	---
---	---	---	---	---	---	---	Trust
---	---	---	---	Joy	---	---	Trust
---	---	---	---	---	---	---	---
---	---	---	---	Joy	---	---	---
---	---	---	---	---	---	---	---
---	---	---	---	---	---	---	---
---	---	---	---	---	---	---	---
---	---	---	---	---	---	---	Trust
---	---	---	---	---	---	---	---
---	---	---	---	---	---	---	---
---	---	---	---	---	---	---	---
---	---	---	---	---	---	---	---
---	---	---	---	---	---	---	---
---	---	---	---	---	---	---	---
---	---	---	---	---	---	---	Trust
---	---	---	---	---	---	---	Trust
---	---	---	---	---	---	---	---
---	---	---	---	---	---	---	---
Anger	---	---	---	---	---	---	---
---	---	---	---	---	---	---	---
---	---	---	---	---	---	---	---
---	---	---	---	---	---	---	---
---	---	---	---	---	---	---	Trust
---	---	---	---	---	---	---	---
---	Anticipation	---	---	---	Sadness	---	---
---	---	---	---	---	---	---	---
---	---	---	---	---	---	---	---
---	---	---	---	---	---	---	---
---	---	---	---	---	---	---	---
---	---	---	---	---	---	---	---
---	---	---	---	---	---	---	---
---	---	---	---	---	---	---	---
---	Anticipation	---	---	---	---	---	---
---	---	---	---	---	---	---	---
---	---	---	---	---	---	---	---
---	---	---	---	---	---	---	---
---	---	---	---	---	---	---	---
---	---	---	---	---	---	---	Trust
---	---	---	---	---	---	---	---
---	---	---	---	---	---	---	---
---	---	---	---	---	---	---	---
---	---	---	---	---	---	---	Trust
---	---	---	---	---	---	---	Trust
---	---	---	---	---	---	---	---
---	---	---	---	---	---	---	Trust
---	---	---	---	---	---	---	---
---	---	---	---	---	---	---	---
---	---	---	---	---	---	---	---
---	---	---	---	---	---	---	Trust
---	---	---	---	---	---	---	---
---	---	---	---	---	---	---	---
---	---	---	---	---	---	---	---
---	---	---	---	---	---	---	---
---	---	---	---	Joy	---	---	---
---	---	---	---	---	---	---	---
---	---	---	---	---	---	---	---
---	---	---	---	---	---	---	---
---	---	---	---	---	---	---	---
---	---	---	---	---	---	---	---
---	---	---	---	---	---	---	---
---	---	---	---	---	---	---	Trust
---	---	---	---	Joy	---	---	---
---	---	---	---	---	---	---	---
---	---	---	---	---	---	---	---
---	---	---	---	---	---	---	---
---	Anticipation	---	---	Joy	---	---	---
---	---	---	---	---	---	---	---
---	---	---	---	---	---	---	---
---	---	---	---	Joy	---	---	---
---	---	---	---	---	---	---	Trust
---	---	---	---	Joy	---	---	Trust
---	---	---	---	---	---	---	Trust
---	---	---	---	---	---	---	---
---	---	---	---	---	---	---	Trust
---	---	---	---	Joy	---	---	---
---	---	---	---	Joy	---	---	Trust
---	---	---	---	---	---	---	Trust
---	---	---	---	---	---	---	Trust
---	---	---	---	---	---	---	---
---	---	---	---	---	---	---	---
---	---	---	---	---	---	---	Trust
---	---	---	---	---	---	---	---
---	---	---	---	---	---	---	---
---	---	---	---	---	---	---	Trust
---	---	---	---	---	---	---	---
---	---	---	---	---	---	---	---
---	---	---	---	---	---	---	---
---	---	---	---	Joy	---	---	---
---	---	---	---	---	---	---	---
---	---	---	---	---	---	---	---
---	---	---	---	---	---	---	---
---	Anticipation	---	---	---	---	---	---
---	---	---	---	---	---	---	---
---	---	---	---	---	---	---	Trust
---	---	---	---	---	---	---	---
---	---	---	---	---	---	---	---
---	---	---	---	---	---	---	Trust
---	---	---	---	---	---	---	---
---	---	---	---	---	---	---	---
---	---	---	---	---	---	---	---
---	---	---	---	---	---	---	---
---	---	---	---	---	---	---	Trust
---	---	---	---	---	---	---	---
---	---	---	---	---	---	---	---
---	---	---	---	---	---	---	---
---	---	---	---	---	---	---	---
---	---	---	---	---	---	---	---
---	---	---	---	---	---	---	---
---	---	---	---	---	---	---	---
---	---	---	---	---	---	---	---
---	---	---	---	---	---	---	Trust
---	---	---	---	---	---	---	---
---	---	---	---	---	---	---	---
---	---	---	---	---	---	---	---
---	---	---	---	---	---	---	---
---	---	---	---	Joy	---	---	Trust
Anger	---	---	---	---	---	---	---
---	---	---	---	---	---	---	---
---	---	---	---	---	---	---	---
---	---	---	---	---	---	---	Trust
---	---	---	---	---	---	---	---
---	---	---	---	---	---	---	---
---	---	---	Fear	---	---	---	---
---	---	---	---	Joy	---	---	---
---	---	---	---	---	---	---	---
---	---	---	---	---	---	---	---
---	---	---	---	---	---	---	---
---	---	---	---	Joy	---	---	---
---	---	---	---	---	---	---	---
---	---	---	---	---	---	Surprise	---
---	---	---	---	Joy	---	---	---
---	---	---	---	---	---	---	---
---	---	---	---	---	---	---	---
---	---	---	---	---	---	---	---
---	---	---	---	---	---	---	---
---	---	---	---	---	---	---	---
---	Anticipation	---	---	---	---	---	---
---	---	---	---	---	---	---	---
---	---	---	---	---	---	---	---
---	---	---	---	Joy	---	---	---
---	---	---	---	Joy	---	---	---
Anger	---	---	---	---	---	---	---
Anger	---	---	---	---	---	---	---
---	---	---	---	Joy	---	---	---
---	---	---	---	Joy	---	---	---
---	---	---	---	Joy	---	---	---
---	---	---	---	Joy	---	---	---
---	---	---	---	---	---	---	---
---	---	---	---	---	---	---	---
---	---	---	---	Joy	---	---	---
---	---	---	---	---	---	---	---
---	---	---	---	---	---	---	---
---	---	---	---	---	---	---	---
---	---	---	---	---	---	---	---
---	---	---	---	---	---	---	---
---	---	---	---	---	---	---	---
---	---	---	---	---	---	---	---
---	---	---	---	---	---	---	---
---	---	---	---	Joy	---	---	---
---	---	---	---	---	---	---	---
---	---	---	---	Joy	---	---	---
---	---	---	---	---	---	---	---
---	---	---	---	---	---	---	---
---	Anticipation	---	---	---	---	---	---
---	---	---	---	---	---	---	---
---	---	---	---	---	---	---	---
---	---	---	---	---	---	---	---
---	---	---	---	---	---	---	---
---	---	---	---	---	---	---	---
Anger	---	---	---	---	---	---	---
---	---	---	---	---	---	---	---
Anger	---	Disgust	---	---	---	---	---
---	---	---	---	Joy	---	---	---
---	---	---	---	Joy	---	---	---
---	---	---	---	---	---	---	---
---	---	---	---	---	---	---	Trust
---	Anticipation	---	---	---	---	---	---
---	Anticipation	---	---	---	---	---	---
---	---	---	---	---	---	---	---
---	---	---	---	---	---	---	---
---	---	---	---	Joy	---	---	---
---	---	---	---	---	---	---	---
---	---	---	---	---	---	---	---
---	---	---	---	---	---	---	---
---	---	---	Fear	---	---	---	---
---	---	---	---	Joy	---	---	Trust
---	---	---	---	---	---	---	---
---	---	---	---	---	---	---	---
---	---	---	---	---	---	---	---
---	---	---	---	---	---	---	---
---	---	---	---	---	---	---	---
---	---	---	---	---	---	---	---
---	---	---	---	---	---	---	Trust
---	---	---	---	Joy	---	---	---
---	---	---	---	---	---	---	---
---	---	---	---	---	---	---	---
---	---	---	---	---	---	---	Trust
---	---	---	---	---	---	---	---
---	---	---	---	---	---	---	Trust
---	---	---	---	---	---	---	---
---	---	---	---	---	---	---	---
---	---	---	Fear	---	---	---	---
---	---	---	---	---	---	---	---
---	---	---	---	---	---	---	---
---	---	---	---	---	---	---	---
---	---	---	---	---	---	---	---
---	---	---	---	---	---	---	Trust
---	---	---	---	---	---	---	---
---	---	---	---	---	---	---	---
---	---	---	---	---	---	---	Trust
---	---	---	---	---	---	---	---
---	---	---	---	---	---	---	---
---	---	---	---	---	---	---	Trust
---	---	---	---	---	---	---	---
---	---	---	---	---	---	---	---
---	---	---	---	---	---	---	---
---	---	---	---	---	---	---	---
---	---	---	---	Joy	---	---	---
---	---	---	---	---	---	---	---
---	---	---	---	---	---	---	---
---	---	---	---	---	---	---	---
---	---	---	---	---	---	---	---
---	---	---	---	Joy	---	---	---
---	---	---	---	---	---	---	---
---	---	---	---	---	---	---	---
---	---	---	---	---	---	---	---
---	---	---	---	---	---	---	Trust
---	---	---	---	---	---	---	---
---	---	---	---	---	---	---	Trust
---	---	---	---	---	---	---	Trust
---	---	---	---	---	---	---	---
---	---	---	---	Joy	---	---	---
---	---	---	---	---	---	---	---
---	---	---	---	Joy	---	---	---
---	---	---	---	Joy	---	---	---
---	---	---	---	---	---	---	---
---	---	---	---	---	---	---	---
---	---	---	---	---	---	---	---
---	---	---	---	---	---	---	---
---	---	---	---	---	---	---	---
---	---	---	---	---	---	---	---
---	---	---	---	Joy	---	---	---
---	---	---	---	---	---	---	---
---	---	---	---	---	---	---	---
---	---	---	---	---	---	---	---
---	---	---	---	---	---	---	---
---	---	---	---	---	---	---	Trust
---	---	---	---	---	---	---	---
---	---	---	---	---	---	---	---
---	---	---	---	---	---	---	---
---	---	---	---	---	---	---	---
---	---	---	---	---	---	---	---
---	---	---	---	---	---	---	---
---	---	---	---	---	---	---	---
---	---	---	---	---	---	---	---
---	---	---	---	---	---	---	Trust
---	---	---	---	---	---	---	---
---	---	---	---	---	---	---	---
Anger	---	---	---	---	---	---	---
---	---	---	---	---	---	---	Trust
---	---	---	---	---	---	---	---
Anger	---	---	---	---	---	---	---
Anger	---	---	---	---	---	---	---
---	---	---	---	---	---	---	---
---	---	---	---	---	---	---	---
---	Anticipation	---	---	---	---	---	Trust
---	---	---	---	---	---	---	---
---	---	---	---	---	---	---	---
---	---	---	---	---	---	---	---
---	---	---	---	---	---	---	---
---	---	---	---	---	---	---	Trust
---	---	---	---	---	---	---	---
---	---	---	---	---	---	---	---
---	---	---	---	---	---	---	---
---	---	---	---	---	---	---	---
Anger	---	---	---	---	---	---	---
---	---	---	---	---	---	---	---
---	---	---	---	---	---	---	---
---	---	---	---	---	---	---	---
---	---	---	---	---	---	---	---
---	---	---	---	---	---	---	Trust
---	---	---	---	---	---	---	---
---	---	---	---	---	---	---	---
---	---	---	---	---	---	---	---
---	Anticipation	---	---	---	---	---	---
---	---	---	---	---	---	---	---
---	---	---	---	---	---	---	---
---	---	---	---	---	---	---	---
Anger	---	Disgust	---	---	---	---	---
---	---	---	---	---	---	---	Trust
---	Anticipation	---	---	---	---	---	---
---	---	---	---	---	---	---	---
---	Anticipation	---	---	---	---	---	---
---	---	---	---	---	---	---	---
---	---	---	---	---	---	---	---
---	---	---	---	---	---	---	---
---	---	---	---	Joy	---	---	---
---	---	---	---	---	---	---	---
---	---	---	---	---	---	---	---
---	---	---	---	---	---	---	Trust
---	---	---	---	---	---	---	Trust
---	---	---	---	---	---	---	---
---	---	---	---	---	---	---	Trust
---	---	---	---	---	---	---	---
---	---	---	---	---	---	---	Trust
---	---	---	---	---	---	---	---
---	---	---	---	---	---	---	---
Anger	---	---	---	---	---	---	---
---	---	---	---	---	---	---	Trust
---	---	---	---	---	---	---	---
---	Anticipation	---	---	---	---	---	---
---	---	---	---	---	---	---	---
---	---	---	---	---	---	---	---
---	---	---	---	---	---	---	---
---	---	---	---	---	---	---	---
---	---	---	---	---	---	---	Trust
---	---	---	---	---	---	---	---
---	---	---	---	---	---	---	Trust
---	---	---	---	---	---	---	---
---	---	---	---	---	---	---	Trust
---	---	---	---	---	---	---	---
---	---	---	---	---	---	---	---
---	---	---	---	---	---	---	---
---	---	---	---	---	---	---	---
---	Anticipation	---	---	---	---	---	---
---	---	---	---	---	---	---	---
---	---	---	---	Joy	---	---	---
---	Anticipation	---	---	---	---	---	---
---	---	---	---	---	---	---	---
---	---	---	---	---	---	---	---
---	---	---	Fear	---	---	---	---
---	---	---	---	---	---	---	---
---	---	---	---	---	---	---	Trust
---	---	---	---	---	---	---	---
---	---	---	---	---	---	---	---
---	---	---	---	---	---	---	Trust
---	---	---	---	---	---	---	---
---	---	---	---	---	---	---	---
---	---	---	---	---	---	---	---
---	---	---	---	Joy	---	---	---
---	---	---	---	---	---	---	Trust
---	---	---	---	---	---	---	---
---	---	---	---	---	---	---	---
---	---	---	---	---	---	---	---
---	---	---	---	---	---	---	Trust
---	---	---	---	---	---	---	---
---	---	---	---	---	---	---	Trust
---	---	---	---	---	---	---	---
---	---	---	---	Joy	---	---	---
---	---	---	---	Joy	---	---	---
---	---	---	---	Joy	---	---	---
---	Anticipation	---	---	Joy	---	---	---
---	---	---	---	---	---	---	---
---	---	---	---	---	---	---	---
---	---	---	---	---	---	---	---
---	---	---	---	---	---	---	---
---	---	---	---	---	---	---	---
---	---	---	---	---	---	---	---
---	---	---	---	---	---	---	---
---	---	---	---	---	---	---	---
---	---	---	---	---	---	---	Trust
---	---	---	---	---	---	---	---
---	---	---	---	---	---	---	---
---	---	---	---	---	---	---	---
---	---	---	---	---	---	---	---
---	---	---	---	Joy	---	---	---
Anger	---	---	---	---	---	---	---
---	---	---	---	---	---	---	---
Anger	---	---	---	---	---	---	---
---	---	---	---	---	---	---	---
---	---	---	---	---	---	---	---
---	---	---	---	---	---	---	Trust
---	---	---	---	---	---	---	---
---	---	---	---	---	---	---	Trust
---	---	---	---	---	---	---	---
---	---	---	---	---	---	---	---
---	---	---	---	---	---	---	---
---	---	---	---	---	---	---	---
---	---	---	---	---	---	---	---
---	---	---	---	---	---	---	---
---	---	---	---	---	---	---	---
---	---	---	---	---	---	---	---
---	---	---	---	---	---	---	---
---	---	---	---	Joy	---	---	Trust
---	---	---	---	---	---	---	Trust
---	---	---	---	---	---	---	---
---	---	---	---	---	---	---	Trust
---	---	---	---	---	---	---	---
---	Anticipation	---	---	Joy	---	---	Trust
Anger	---	---	---	---	---	---	---
---	---	---	---	---	---	---	---
---	---	---	---	Joy	---	---	---
---	---	---	---	---	---	---	---
---	---	---	---	---	---	---	---
---	---	---	---	---	---	---	Trust
---	---	---	---	---	---	---	---
---	---	---	---	---	---	---	---
---	---	---	---	---	---	---	---
---	---	---	---	---	---	---	---
---	---	---	---	---	---	---	---
---	---	---	---	---	---	---	Trust
---	---	---	---	---	---	---	---
---	---	---	---	---	---	---	---
---	---	---	---	---	---	---	---
---	---	---	---	---	---	---	---
---	---	---	---	---	---	---	---
---	---	---	---	---	---	---	---
---	---	---	---	---	---	---	---
---	---	---	---	---	---	---	---
---	---	---	---	---	---	---	---
---	---	---	---	---	---	---	---
Anger	---	---	---	---	---	---	---
---	---	---	---	Joy	---	---	---
---	---	---	---	---	---	---	Trust
---	---	---	---	---	---	---	---
---	---	---	---	---	---	---	---
---	---	---	---	Joy	---	---	Trust
---	---	---	---	---	---	---	---
---	---	---	---	---	---	---	---
---	---	---	---	---	---	---	---
---	---	---	---	---	---	---	---
---	---	---	---	---	---	---	---
---	---	---	---	---	---	---	---
---	---	---	---	---	---	---	---
---	---	---	---	Joy	---	---	---
---	---	---	---	Joy	---	---	---
---	---	---	---	---	---	---	---
---	---	---	---	---	---	---	---
---	---	---	---	---	---	---	---
---	---	---	---	---	---	---	---
---	---	---	---	---	---	---	---
Anger	---	Disgust	---	---	---	---	---
---	---	---	---	---	---	Surprise	---
---	---	---	---	---	---	---	---
---	---	---	---	---	---	---	---
---	---	---	---	---	---	---	---
---	---	---	---	---	---	---	---
---	---	---	---	---	---	---	---
---	Anticipation	---	---	---	---	---	---
---	---	---	---	---	Sadness	---	---
---	---	---	---	---	---	---	---
---	---	---	---	---	---	---	---
---	---	---	---	---	---	---	---
---	---	---	---	Joy	---	---	---
---	---	---	---	Joy	---	---	---
---	---	---	---	---	---	---	---
---	---	---	---	---	---	---	---
---	---	---	---	---	---	---	---
---	---	---	Fear	---	---	---	---
Anger	---	---	---	---	---	---	---
---	---	---	---	---	---	---	---
---	---	---	---	Joy	---	---	---
---	Anticipation	---	---	---	---	---	---
---	---	---	---	---	---	---	---
---	---	---	---	---	---	---	---
---	---	---	---	---	---	---	---
---	---	---	---	Joy	---	---	---
---	---	---	---	Joy	---	---	---
---	---	---	---	---	---	---	---
---	---	---	---	---	---	---	---
---	---	---	---	---	---	---	---
---	---	---	---	---	---	---	---
---	---	---	---	Joy	---	---	---
---	---	---	---	---	---	---	---
---	---	---	---	---	---	---	---
---	---	---	---	---	---	---	---
---	---	---	---	---	---	---	---
---	---	---	---	---	---	---	---
---	---	---	---	---	---	---	---
---	---	---	---	---	---	---	---
---	---	---	---	---	---	---	---
---	---	---	Fear	---	---	---	---
---	---	---	---	---	---	---	---
---	Anticipation	---	---	---	---	---	---
---	---	---	Fear	---	---	---	---
---	---	---	---	---	---	---	---
---	---	---	---	---	---	---	---
---	---	---	---	---	---	---	---
---	---	---	---	---	---	---	---
---	---	---	---	Joy	---	---	---
---	---	---	---	---	---	---	---
---	---	---	---	---	---	---	---
---	---	---	---	---	---	---	---
---	---	---	---	---	---	---	---
Anger	---	---	---	---	---	---	---
---	---	---	---	---	---	---	---
---	---	---	---	---	---	---	---
---	---	---	---	---	---	---	---
Anger	---	---	---	---	---	---	---
---	---	---	---	Joy	---	---	---
---	---	---	---	---	---	---	---
---	---	---	---	---	---	---	---
---	Anticipation	---	---	---	---	---	---
---	---	---	---	---	---	---	---
---	---	---	---	---	---	---	---
---	---	---	---	---	---	---	---
---	---	---	---	---	---	---	---
Anger	---	---	---	---	---	---	---
---	---	---	---	---	---	---	---
---	---	---	---	---	---	---	---
---	---	---	---	---	---	---	---
---	---	---	---	---	---	---	---
---	---	---	---	---	---	---	---
---	Anticipation	---	---	---	---	---	---
---	---	---	---	---	---	---	---
---	---	---	---	---	---	---	---
---	---	---	---	---	---	---	---
---	---	---	---	---	---	---	---
---	---	---	---	---	---	---	---
---	---	---	---	---	---	---	---
---	---	---	---	---	---	---	---
---	---	---	---	---	---	---	---
---	---	---	---	---	---	---	---
---	---	---	---	---	---	---	---
---	---	---	---	---	---	---	---
---	---	---	---	---	---	---	---
---	---	---	---	---	---	---	---
---	---	---	Fear	---	---	---	---
---	---	---	---	---	---	---	---
---	---	---	---	Joy	---	---	---
---	---	---	---	---	---	---	---
---	---	---	---	---	---	---	---
---	---	---	---	---	---	---	---
---	---	---	---	---	---	---	---
---	---	---	---	---	---	---	---
---	---	---	---	---	---	---	---
---	---	---	---	---	---	---	---
Anger	---	---	---	---	---	---	---
---	---	---	Fear	---	---	---	---
---	---	---	---	---	---	---	---
---	---	---	---	Joy	---	---	---
---	---	---	---	---	---	---	---
---	---	---	---	---	---	---	---
---	---	---	Fear	---	---	---	---
---	---	---	---	---	---	Surprise	---
---	---	---	---	---	---	---	---
---	---	---	---	---	---	---	---
---	---	---	---	---	---	---	---
---	---	---	---	---	---	---	---
---	---	---	---	Joy	---	---	---
---	---	---	---	---	---	---	---
---	---	---	---	---	---	---	---
---	---	---	---	---	---	---	---
---	---	---	---	---	---	---	---
---	Anticipation	---	---	---	---	---	---
---	---	---	---	---	---	---	---
---	---	---	---	---	---	---	---
---	---	---	---	Joy	---	---	---
---	---	---	---	---	---	---	---
---	---	---	---	---	---	---	---
---	---	---	---	---	---	---	---
---	---	---	---	---	---	---	---
---	---	---	---	---	---	---	---
---	---	---	---	---	---	---	---
---	---	---	---	---	---	---	---
---	---	---	---	Joy	---	---	---
---	---	---	---	---	---	---	---
---	---	---	---	---	---	---	---
---	---	---	---	---	---	---	---
---	---	---	---	---	---	---	---
---	---	---	---	---	---	---	---
---	---	---	---	Joy	---	---	---
---	---	---	---	---	---	---	---
---	---	---	---	---	---	---	---
---	---	---	---	---	---	---	---
---	---	---	---	---	---	---	---
---	---	---	---	---	---	---	---
---	---	---	---	---	---	---	---
---	---	---	---	---	---	---	---
---	---	---	---	---	---	---	---
---	---	---	---	---	---	---	---
---	---	---	---	---	---	---	---
---	---	---	---	---	---	---	---
---	---	---	---	---	---	---	---
---	---	---	---	Joy	---	---	---
---	---	---	---	---	---	---	---
---	---	---	---	---	---	---	---
---	---	---	---	---	---	---	---
---	---	---	---	---	---	---	---
---	---	---	---	---	---	---	---
---	---	---	---	---	---	---	---
Anger	---	---	---	---	---	---	---
---	---	---	---	Joy	---	---	---
---	---	---	---	Joy	---	---	---
---	---	---	---	---	---	---	---
---	---	---	---	---	---	---	---
---	---	---	---	---	---	---	---
---	---	---	---	Joy	---	---	---
---	---	---	---	---	---	---	---
---	---	---	---	---	---	---	---
---	---	---	---	---	---	---	---
---	---	---	---	---	---	---	---
---	---	---	---	---	---	---	---
---	---	---	---	---	---	---	---
---	---	---	---	---	---	---	---
---	---	---	---	---	---	---	---
---	Anticipation	---	---	Joy	---	---	---
---	---	---	---	---	---	---	---
Anger	---	---	---	---	---	---	---
---	---	---	---	---	---	---	---
---	---	---	---	---	---	---	---
---	---	---	---	---	---	---	---
---	---	---	---	---	---	---	---
---	---	---	---	---	---	---	---
---	---	---	---	---	---	---	---
---	---	---	---	---	---	---	---
---	---	Disgust	---	---	---	---	---
---	---	---	---	---	---	---	---
---	---	---	---	---	---	---	---
---	---	---	---	---	---	---	---
---	---	---	---	---	---	---	---
---	---	---	---	---	---	---	---
---	---	---	---	---	---	---	---
---	---	---	---	---	---	---	---
---	---	---	---	---	---	---	---
---	---	---	---	---	---	---	---
---	---	---	---	---	---	---	---
---	---	---	---	---	---	---	---
---	---	---	---	---	---	---	---
---	---	---	---	---	---	---	---
---	---	---	---	---	---	---	---
---	---	---	---	---	---	---	---
---	---	---	---	---	---	---	---
---	---	---	---	---	---	---	---
---	---	---	---	---	---	---	---
---	Anticipation	---	---	---	---	---	---
---	---	---	---	---	---	---	---
---	---	---	---	---	---	---	---
---	---	---	---	---	---	---	---
---	---	---	Fear	---	---	---	---
---	---	---	---	---	---	---	---
---	---	---	---	---	---	---	---
---	---	---	---	---	---	---	---
---	---	---	---	---	---	---	---
---	---	---	---	---	---	---	---
---	Anticipation	---	---	---	---	---	---
---	---	---	---	---	Sadness	---	---
---	---	---	---	---	---	---	---
---	---	---	---	---	---	---	---
---	---	---	---	---	---	---	---
---	---	---	---	---	---	---	---
---	---	---	---	---	---	---	---
---	---	---	---	---	---	---	---
---	---	---	---	---	---	---	---
---	---	---	---	---	---	---	---
---	Anticipation	---	---	---	---	---	---
---	---	---	---	---	---	---	---
---	---	---	---	---	---	---	---
---	---	---	---	---	---	---	---
---	---	---	---	---	---	---	---
---	---	---	---	---	---	---	---
---	---	---	---	---	---	---	---
---	---	---	---	---	---	---	---
---	---	---	---	---	---	---	---
---	---	---	---	---	---	---	---
---	---	---	---	---	---	---	---
---	---	---	---	---	---	---	---
---	---	---	---	---	---	---	---
---	---	---	---	---	---	---	---
---	---	---	---	---	---	---	---
---	---	---	---	---	---	---	---
---	---	---	---	---	---	---	---
---	---	---	---	---	---	---	---
---	---	---	Fear	---	---	---	---
---	---	---	---	---	---	---	---
---	---	---	---	---	---	---	---
---	---	---	---	---	---	---	---
---	---	---	---	---	---	---	---
---	---	---	---	Joy	---	---	---
---	---	---	---	---	---	---	---
---	---	---	---	---	---	---	---
---	---	---	---	---	---	---	---
---	---	---	---	---	---	---	---
---	---	---	---	---	---	Surprise	---
---	---	---	---	---	---	---	---
---	---	---	---	---	---	---	---
---	---	---	---	---	---	---	---
---	---	---	---	---	---	---	---
---	---	---	Fear	---	---	---	---
---	---	---	---	---	---	---	---
---	---	---	---	---	---	---	---
---	---	---	---	---	---	---	---
---	---	---	---	---	---	---	---
---	---	---	---	---	---	---	---
---	---	---	---	---	---	---	---
---	---	---	---	---	---	---	---
---	---	---	---	---	---	---	---
---	---	---	---	---	---	---	---
---	---	---	---	---	---	---	---
---	---	---	---	---	---	---	---
---	---	---	---	---	---	---	---
---	---	---	---	---	---	---	---
---	---	---	---	---	---	---	---
---	---	---	---	---	---	---	---
---	---	---	---	Joy	---	---	---
---	---	---	---	Joy	---	---	---
---	---	---	---	---	---	---	---
---	---	---	---	---	---	---	---
---	---	---	---	---	---	---	---
---	---	---	---	---	---	---	---
---	---	---	---	Joy	---	---	---
---	---	---	---	Joy	---	---	---
---	---	---	Fear	---	---	---	---
---	---	---	---	---	---	---	---
---	---	---	---	---	Sadness	---	---
---	---	---	---	---	---	---	---
---	---	---	---	---	---	---	---
---	---	---	---	---	---	---	---
---	---	---	---	---	---	---	---
---	---	---	---	---	---	---	---
---	---	---	---	---	---	---	---
Anger	---	Disgust	---	---	---	---	---
---	---	---	---	---	---	---	---
---	---	---	---	---	---	---	---
---	---	---	---	---	---	---	---
---	---	---	---	---	---	---	---
---	---	---	---	---	---	---	---
---	---	---	---	---	---	---	---
---	---	---	---	---	---	---	---
---	---	---	---	Joy	---	---	---
---	---	---	---	---	---	---	---
---	---	---	---	---	---	---	---
---	---	---	---	---	Sadness	---	---
---	---	---	---	---	---	---	---
Anger	---	---	---	---	---	---	---
---	---	---	---	Joy	---	---	---
---	---	---	---	---	---	---	---
---	---	---	---	---	---	---	---
Anger	---	---	---	---	---	---	---
Anger	---	---	---	---	---	---	---
---	---	---	---	---	---	---	---
---	---	---	---	Joy	---	---	---
---	---	---	Fear	---	---	---	---
---	Anticipation	---	---	---	---	---	---
---	---	---	---	---	---	---	---
---	---	---	---	---	---	---	---
---	---	---	---	---	---	---	---
---	---	---	---	Joy	---	---	---
---	---	---	Fear	---	---	---	---
---	---	---	Fear	---	---	---	---
---	---	---	---	---	---	---	---
---	Anticipation	---	---	---	---	---	---
---	---	---	---	---	---	---	---
---	---	---	---	---	---	---	---
Anger	---	---	---	---	---	---	---
---	---	---	---	---	---	---	---
---	---	---	---	---	---	---	---
---	---	---	---	---	---	---	---
---	---	---	---	---	---	---	---
---	---	---	---	---	---	---	---
---	---	---	---	---	---	---	---
---	---	---	---	---	---	---	---
---	---	---	Fear	---	---	---	---
---	---	---	---	---	---	---	---
---	---	---	---	---	---	---	---
---	---	---	---	---	---	---	---
---	---	---	---	---	---	---	---
---	---	---	---	---	---	---	---
---	---	---	---	Joy	---	---	---
---	---	---	---	---	---	---	---
---	---	---	---	---	---	---	---
---	---	---	---	---	---	---	---
---	---	---	---	Joy	---	---	---
---	---	---	---	---	---	---	---
---	---	---	---	---	---	---	---
---	---	---	---	---	Sadness	---	---
---	---	---	---	---	---	---	---
---	---	---	Fear	---	---	---	---
---	Anticipation	---	---	---	---	---	---
---	---	---	---	Joy	---	---	---
---	---	---	---	---	---	---	---
---	---	---	---	---	---	---	---
---	---	---	---	---	---	---	---
---	---	---	Fear	---	---	---	---
---	---	---	---	Joy	---	---	---
---	---	---	---	---	---	---	---
---	---	---	---	---	---	---	---
Anger	---	---	---	---	---	---	---
---	---	---	---	---	---	---	---
---	---	---	---	---	---	---	---
---	---	---	---	---	---	---	---
---	---	---	---	---	---	---	---
---	---	---	Fear	---	---	---	---
---	---	---	---	---	---	---	---
---	---	---	---	---	---	---	---
---	---	---	---	---	---	---	---
---	---	---	---	---	---	---	---
---	---	---	---	---	---	---	---
---	---	---	---	---	---	---	---
---	---	---	---	---	---	---	---
---	---	---	---	---	---	---	---
---	---	---	---	---	---	---	---
---	---	---	---	---	---	---	---
---	---	---	---	---	---	---	---
---	---	---	Fear	---	---	---	---
---	---	---	---	---	---	---	---
---	---	---	---	---	---	---	---
---	---	---	---	---	---	---	---
---	---	---	---	---	---	---	---
---	---	---	---	---	---	---	---
---	---	---	---	---	---	---	---
---	---	---	---	---	---	---	---
---	---	---	---	---	---	---	---
---	---	---	---	---	---	---	---
---	---	---	---	---	---	---	---
---	---	---	---	---	---	---	---
Anger	---	---	---	---	---	---	---
Anger	---	---	---	---	---	---	---
---	---	---	---	---	---	---	---
---	---	---	---	---	---	---	---
---	---	---	---	---	---	---	---
Anger	---	---	---	---	---	---	---
---	---	---	Fear	---	---	---	---
---	---	---	---	---	Sadness	---	---
---	---	---	---	---	---	---	---
---	---	---	---	---	---	---	---
---	---	---	---	---	---	---	---
---	---	---	---	Joy	---	---	---
---	---	---	---	---	---	---	---
Anger	---	---	---	---	---	---	---
Anger	---	---	---	---	---	---	---
Anger	---	---	---	---	---	---	---
---	---	---	---	---	---	---	---
---	---	---	---	---	---	---	---
---	---	---	---	---	---	---	---
Anger	---	---	---	---	---	---	---
---	---	---	---	---	---	---	---
---	---	---	---	---	---	---	---
---	---	---	---	---	---	---	---
---	---	---	---	---	---	---	---
Anger	---	---	---	---	---	---	---
Anger	---	---	---	---	---	---	---
---	---	---	---	---	---	---	---
---	---	---	---	---	---	---	---
Anger	---	---	---	---	---	---	---
---	---	---	---	---	---	---	---
---	---	---	---	---	---	---	---
---	---	---	---	---	---	---	---
---	---	---	---	---	---	---	---
---	---	---	---	---	---	---	---
---	---	---	---	---	---	---	---
---	---	---	---	---	---	---	---
Anger	---	---	---	---	Sadness	---	---
---	---	---	---	---	---	---	---
Anger	---	---	---	---	---	---	---
---	---	---	---	---	---	---	---
---	---	---	---	Joy	---	---	---
Anger	---	---	---	---	---	---	---
Anger	---	---	---	---	---	---	---
---	---	---	---	---	---	---	---
---	---	---	---	---	---	---	---
---	---	---	---	---	---	---	---
Anger	---	---	---	---	---	---	---
---	---	---	---	---	---	---	---
---	---	---	---	---	---	---	---
---	---	---	---	---	---	---	---
---	---	---	---	---	---	---	---
---	---	---	---	---	---	---	---
---	---	Disgust	---	---	---	---	---
Anger	---	---	---	---	---	---	---
Anger	---	---	---	---	---	---	---
Anger	---	---	---	---	---	---	---
---	---	---	---	---	---	---	---
---	---	---	---	---	---	---	---
---	---	---	---	---	---	---	---
---	---	---	---	---	---	---	---
---	---	---	---	---	Sadness	---	---
Anger	---	---	---	---	---	---	---
---	---	---	---	---	---	---	---
---	---	---	---	Joy	---	---	---
---	---	---	---	---	---	---	---
---	---	---	---	Joy	---	---	---
---	---	---	---	Joy	---	---	---
---	---	---	---	---	---	---	---
---	---	---	---	---	---	---	---
---	---	---	---	---	---	---	---
---	---	---	Fear	---	---	---	---
---	---	---	---	---	---	Surprise	---
---	---	---	---	---	---	---	---
---	Anticipation	---	---	---	---	---	---
---	---	---	---	---	---	---	---
---	---	---	---	---	---	---	---
---	---	---	---	---	---	---	---
---	---	---	---	---	---	---	---
---	---	Disgust	Fear	---	---	---	---
---	---	---	---	Joy	---	---	---
---	---	---	---	---	---	---	---
Anger	---	---	---	---	---	---	---
---	---	---	---	---	---	---	---
Anger	---	---	---	---	---	---	---
---	---	---	---	Joy	---	---	---
Anger	---	Disgust	---	---	---	---	---
---	---	---	---	---	---	---	---
Anger	---	---	---	---	---	---	---
---	---	---	---	---	---	---	---
---	---	---	---	---	---	---	---
---	---	---	---	---	---	---	---
Anger	---	---	---	---	---	---	---
---	---	---	---	---	---	---	---
---	---	---	---	---	---	---	---
---	---	---	---	---	---	---	---
Anger	---	---	---	---	---	---	---
---	---	---	---	---	---	---	---
---	---	---	---	---	---	---	---
---	---	---	---	---	---	---	---
---	---	---	---	---	---	---	---
---	---	---	---	---	---	---	---
---	---	---	---	---	---	---	---
Anger	---	---	---	---	---	---	---
Anger	---	---	---	---	---	---	---
---	---	---	---	---	---	---	---
---	---	---	---	---	---	---	---
Anger	---	---	---	---	---	---	---
---	---	---	---	Joy	---	---	---
---	---	---	---	---	---	---	---
---	---	---	---	Joy	---	---	---
---	---	---	---	---	---	---	---
---	---	---	---	---	---	---	---
---	---	---	---	---	---	Surprise	---
---	---	---	---	---	---	---	---
Anger	---	---	---	---	---	---	---
---	---	---	---	---	---	---	---
---	---	---	---	---	---	---	---
---	---	---	---	---	---	---	---
---	---	---	---	---	---	---	---
---	---	---	---	---	---	---	---
---	---	---	---	---	---	---	---
Anger	---	---	---	---	---	---	---
---	---	---	---	---	---	---	---
Anger	---	---	---	---	---	---	---
---	---	---	---	---	---	---	---
---	---	---	---	Joy	---	---	---
---	---	---	Fear	---	---	---	---
---	---	---	---	---	---	---	---
---	---	---	---	---	---	---	---
Anger	---	---	---	---	---	---	---
---	---	---	---	---	---	---	---
Anger	---	---	---	---	---	---	---
---	---	---	---	---	---	---	---
---	---	---	---	---	---	---	---
---	---	---	---	---	---	---	---
---	---	---	---	Joy	---	---	---
Anger	---	---	---	---	---	---	---
---	---	---	---	---	---	---	---
---	---	---	---	---	---	---	---
Anger	---	---	---	---	---	---	---
---	---	---	---	---	---	---	---
---	---	---	---	Joy	---	---	---
---	---	---	---	---	---	---	---
---	---	---	---	---	---	---	---
---	---	---	---	---	---	---	---
---	---	---	---	---	---	---	---
---	---	---	---	---	---	---	---
Anger	---	---	---	---	---	---	---
---	---	---	---	---	---	---	---
---	---	---	---	---	---	---	---
---	---	---	---	---	---	---	---
---	---	---	---	---	---	---	---
Anger	---	---	---	---	---	---	---
---	---	---	---	---	---	---	---
---	---	---	---	---	---	---	---
---	---	---	---	---	---	Surprise	---
---	---	---	---	---	---	---	---
Anger	---	---	---	---	---	---	---
---	---	---	---	---	---	---	---
Anger	---	---	---	---	---	---	---
---	---	---	---	---	Sadness	---	---
---	---	---	---	---	---	---	---
---	---	---	---	---	---	---	---
Anger	---	---	---	---	---	---	---
Anger	---	---	---	---	---	---	---
---	---	---	---	---	---	---	---
---	---	---	---	---	---	---	---
---	---	---	---	---	---	---	---
---	---	---	---	---	---	---	---
Anger	---	Disgust	---	---	---	---	---
Anger	---	---	---	---	---	---	---
---	---	---	---	---	---	---	---
---	---	---	---	---	---	---	---
Anger	---	---	---	---	---	---	---
---	---	---	---	---	---	---	---
Anger	---	---	---	---	---	---	---
---	---	---	---	---	---	---	---
---	---	---	---	---	---	---	---
Anger	---	---	---	---	---	---	---
Anger	---	---	---	---	---	---	---
---	---	---	---	---	---	---	---
Anger	---	Disgust	---	---	---	---	---
---	---	---	---	Joy	---	---	---
---	---	---	---	---	---	---	---
---	---	---	---	---	---	---	---
---	---	---	---	---	---	---	---
---	---	---	---	---	---	---	---
---	---	---	---	---	---	---	---
---	---	---	---	---	---	---	---
---	---	---	---	---	---	---	---
Anger	---	---	---	---	---	---	---
---	---	---	---	---	---	---	---
---	---	---	---	---	---	---	---
---	---	---	---	---	---	---	---
---	---	---	---	---	---	---	---
---	---	---	---	---	---	---	---
---	---	---	---	---	---	---	---
Anger	---	---	---	---	---	---	---
---	---	---	---	---	---	---	---
---	---	---	---	---	---	---	---
---	---	---	---	---	---	---	---
Anger	---	---	---	---	---	---	---
---	---	---	---	---	---	---	---
---	---	---	---	---	---	---	---
---	---	---	---	---	---	---	---
---	---	---	---	---	---	---	---
---	---	---	---	---	---	---	---
Anger	---	---	---	---	---	---	---
---	---	---	---	---	---	---	---
---	---	---	---	Joy	---	---	---
---	---	---	---	---	---	---	---
---	---	---	---	---	---	---	---
---	---	---	---	---	---	---	---
Anger	---	Disgust	---	---	---	---	---
---	---	---	---	---	---	---	---
---	---	---	---	---	---	---	---
---	---	---	---	---	---	---	---
---	---	---	---	---	---	---	---
---	---	---	---	---	---	---	---
---	---	---	---	---	---	---	---
---	---	---	---	---	---	---	---
---	Anticipation	---	---	Joy	---	---	---
---	---	---	---	---	---	---	---
---	---	---	---	Joy	---	---	---
Anger	---	---	---	---	---	---	---
---	---	---	---	---	---	---	---
---	---	---	---	---	---	---	---
---	---	---	---	---	---	---	---
---	---	---	---	---	---	---	---
---	---	---	---	---	---	---	---
---	---	---	---	---	---	---	---
---	---	---	---	---	---	---	---
---	---	---	---	---	---	---	---
---	---	---	---	---	---	---	---
---	---	---	---	---	---	---	---
---	---	---	---	Joy	---	---	---
---	---	---	---	---	---	---	---
Anger	---	---	---	---	---	---	---
---	---	---	---	---	---	---	---
---	---	---	---	---	---	---	---
---	---	---	---	---	---	---	---
---	---	---	---	---	---	---	---
---	---	---	---	---	---	---	---
---	---	---	---	Joy	---	---	---
---	---	---	---	---	---	---	---
---	---	---	---	---	---	---	---
---	---	---	---	Joy	---	---	---
---	---	---	---	---	---	---	---
---	---	---	---	---	---	---	---
---	---	---	---	---	---	---	---
---	---	---	---	Joy	---	---	---
---	---	---	---	---	---	---	---
Anger	---	---	---	---	---	---	---
---	---	---	---	---	---	---	---
---	---	---	---	---	---	---	---
Anger	---	---	---	---	---	---	---
---	---	---	---	Joy	---	---	---
---	---	---	---	---	---	---	---
---	---	---	---	---	---	---	---
---	---	---	---	---	---	---	---
---	---	---	---	---	---	---	---
---	---	---	---	---	---	---	---
---	---	---	---	---	---	---	---
---	---	---	---	---	---	---	---
---	---	---	---	---	---	---	---
---	---	---	---	---	---	---	---
---	---	---	---	---	---	---	---
---	Anticipation	---	---	---	---	---	---
---	---	---	---	---	---	---	---
---	---	---	---	---	---	---	---
---	---	---	---	---	---	---	---
Anger	---	---	---	---	---	---	---
Anger	---	---	---	---	---	---	---
---	---	---	---	---	---	---	---
Anger	---	---	---	---	---	---	---
---	---	---	---	---	---	---	---
---	---	---	---	---	---	---	---
---	---	---	---	---	---	---	---
---	---	---	---	---	---	---	---
---	---	---	---	Joy	---	---	---
---	---	---	---	---	---	---	---
---	---	---	---	---	---	---	---
---	---	---	---	---	---	---	---
---	---	---	---	---	---	---	---
---	---	---	---	---	---	---	---
Anger	---	---	---	---	---	---	---
Anger	---	---	---	---	---	---	---
---	---	---	---	---	---	---	---
---	---	---	---	---	---	---	---
---	---	---	---	---	---	---	---
---	---	---	---	---	---	---	---
---	---	---	---	---	---	---	---
Anger	---	---	---	---	---	---	---
Anger	---	---	---	---	---	---	---
---	---	---	---	---	---	---	---
---	---	---	---	---	Sadness	---	---
---	---	---	---	---	---	---	---
---	---	---	---	---	---	---	---
---	Anticipation	---	---	---	---	---	---
---	---	---	---	Joy	---	---	---
---	---	---	---	---	---	---	---
---	---	---	---	---	---	---	---
---	---	---	---	---	---	---	---
---	---	---	---	---	---	---	---
Anger	---	---	---	---	---	---	---
---	---	---	---	---	---	---	---
---	---	---	---	---	---	---	---
---	---	---	---	---	---	---	---
---	---	---	---	---	---	---	---
---	---	---	---	---	---	---	---
---	---	---	---	---	---	---	---
---	---	---	---	---	---	---	---
Anger	---	---	---	---	---	---	---
---	Anticipation	---	---	---	---	---	---
---	---	---	---	Joy	---	---	---
Anger	---	---	---	---	---	---	---
Anger	---	---	---	---	---	---	---
---	---	---	---	---	---	---	---
---	---	---	---	---	---	---	---
---	---	---	---	---	---	---	---
---	---	---	---	---	---	---	---
---	---	---	---	---	---	---	---
---	---	---	---	---	---	---	---
---	---	---	---	---	---	Surprise	---
---	---	---	---	---	---	---	---
---	---	---	---	---	---	---	---
---	---	---	---	---	---	---	---
---	---	---	---	---	---	---	---
Anger	---	---	---	---	---	---	---
---	---	---	---	Joy	---	---	---
---	---	---	---	---	---	---	---
Anger	---	---	---	---	---	---	---
---	---	---	---	---	---	---	---
---	---	---	---	---	---	---	---
---	---	---	---	---	---	---	---
---	Anticipation	---	---	---	---	---	---
---	---	---	---	---	---	---	---
---	---	---	---	---	---	---	---
---	---	---	---	Joy	---	---	---
---	---	---	---	---	---	---	---
---	---	---	---	---	---	---	---
Anger	---	---	---	---	---	---	---
---	Anticipation	---	---	---	---	---	---
Anger	---	---	---	---	---	---	---
---	---	---	---	---	---	---	---
---	---	---	---	---	---	---	---
Anger	---	---	---	---	---	---	---
---	---	---	---	---	---	---	---
---	---	---	---	---	Sadness	---	---
---	---	---	---	---	---	---	---
---	---	---	---	Joy	---	---	Trust
---	---	---	---	---	---	---	---
---	---	---	---	---	---	---	---
---	---	---	---	Joy	---	---	---
---	---	---	---	Joy	---	---	---
Anger	---	---	---	---	---	---	---
---	---	---	Fear	---	---	---	---
Anger	---	---	---	---	---	---	---
Anger	---	---	---	---	---	---	---
---	---	---	---	---	---	---	---
Anger	---	---	---	---	---	---	---
---	---	---	---	---	---	---	---
---	---	---	---	---	---	---	---
---	---	---	---	---	---	---	---
---	Anticipation	---	---	---	---	---	---
---	---	---	---	Joy	---	---	---
---	---	---	---	---	---	---	---
---	---	---	---	---	---	---	---
---	---	---	---	Joy	---	---	---
---	---	---	---	---	---	---	---
---	---	---	---	---	---	---	---
---	---	---	---	Joy	---	---	---
---	---	---	---	---	---	---	---
---	---	---	---	---	---	---	---
Anger	---	---	---	---	---	---	---
---	---	---	---	---	---	---	---
---	---	---	---	---	---	---	---
---	---	---	---	---	---	---	---
Anger	---	---	---	---	---	---	---
---	---	---	---	---	---	---	---
---	---	---	---	---	---	---	---
Anger	---	---	---	---	---	---	---
---	---	Disgust	---	---	---	---	---
---	---	---	---	---	---	---	---
---	---	---	---	---	---	---	---
Anger	---	---	---	---	---	---	---
Anger	---	---	---	---	---	---	---
---	---	---	---	---	---	---	---
---	---	---	---	---	---	---	---
---	---	---	---	---	---	---	---
---	---	---	---	---	---	---	---
---	---	---	---	---	---	---	---
---	---	---	---	---	---	---	---
---	---	---	---	---	---	---	---
---	---	---	---	---	---	---	---
---	---	---	---	---	---	---	---
Anger	---	---	---	---	---	---	---
---	Anticipation	---	---	---	---	---	---
Anger	---	---	---	---	---	---	---
---	---	---	---	Joy	---	---	---
---	---	---	---	---	---	---	---
Anger	---	---	---	---	---	---	---
Anger	---	---	---	---	---	---	---
Anger	---	---	---	---	---	---	---
---	---	---	---	---	---	---	---
---	---	---	---	---	---	---	---
---	---	---	---	---	---	---	---
Anger	---	---	---	---	---	---	---
---	---	---	---	---	---	---	---
---	---	---	---	---	---	---	---
---	---	---	---	---	---	---	---
---	---	---	---	---	---	---	---
Anger	---	---	---	---	---	---	---
---	---	---	---	---	---	---	---
Anger	---	---	---	---	---	---	---
Anger	---	---	---	---	---	---	---
---	---	---	---	Joy	---	---	---
---	---	---	---	---	---	---	---
Anger	---	---	---	---	---	---	---
---	---	---	---	---	---	---	---
---	---	---	---	---	---	---	---
---	---	---	---	Joy	---	---	---
---	---	---	---	---	---	---	---
---	---	---	---	---	---	---	---
---	---	---	---	Joy	---	---	---
---	---	---	---	---	---	---	---
---	---	---	---	---	---	---	---
Anger	---	---	---	---	---	---	---
---	---	---	---	Joy	---	---	---
---	---	---	---	---	---	---	---
---	---	---	---	---	---	---	---
---	---	---	---	---	---	---	---
---	---	---	---	---	---	---	---
---	---	---	---	---	---	---	---
---	---	---	---	---	---	---	---
Anger	---	---	---	---	---	---	---
---	---	---	---	---	---	---	---
---	---	---	---	---	---	---	---
---	---	---	---	---	---	---	---
---	---	---	---	---	---	---	---
---	---	---	---	---	---	---	---
---	---	---	---	---	---	---	---
---	---	---	---	---	---	---	---
---	---	---	---	---	---	---	---
---	---	---	---	---	---	---	---
---	---	---	---	---	---	---	---
---	---	---	---	---	---	---	---
---	---	---	---	Joy	---	---	---
Anger	---	---	---	---	---	---	---
---	---	---	---	---	---	---	---
---	---	---	---	---	---	---	---
---	---	---	---	---	---	---	---
---	---	---	---	---	---	---	---
---	---	---	---	---	---	---	---
---	---	---	---	---	---	---	---
---	---	---	---	---	---	---	---
---	---	---	---	---	---	---	---
---	---	---	---	---	---	---	---
---	---	---	---	---	---	---	---
---	---	---	---	Joy	---	---	---
---	---	---	---	---	---	---	---
---	---	---	---	---	---	---	---
---	---	---	---	---	---	---	---
---	---	---	---	---	---	---	---
---	---	---	---	---	---	---	---
Anger	---	---	---	---	Sadness	---	---
---	---	---	---	---	---	---	---
---	---	---	---	---	---	---	---
---	---	---	---	---	---	---	---
---	---	---	---	---	---	---	---
---	---	---	---	Joy	---	---	---
---	---	---	---	---	---	---	---
---	---	---	---	---	---	---	---
---	---	---	---	---	---	---	---
---	---	---	---	Joy	---	---	---
---	---	---	---	---	---	---	---
Anger	---	---	---	---	---	---	---
---	---	---	---	---	---	---	---
---	---	---	---	---	---	---	---
Anger	---	---	---	---	---	---	---
---	---	---	---	---	---	---	---
---	---	---	---	---	---	---	---
---	---	---	---	---	---	---	---
Anger	---	Disgust	---	---	---	---	---
---	---	---	---	---	---	---	---
---	---	---	---	---	---	---	---
---	---	---	---	---	---	---	---
---	---	---	---	---	---	---	---
---	---	---	---	---	---	---	---
---	---	---	---	---	---	---	---
---	---	---	---	---	---	Surprise	---
---	---	---	---	---	---	---	---
---	---	---	---	---	---	---	---
---	---	---	---	---	---	---	---
Anger	---	---	---	---	---	---	---
---	---	---	---	---	---	---	---
---	---	---	---	---	---	---	---
---	---	---	---	---	---	---	---
---	---	---	---	---	---	---	---
---	---	---	---	---	---	---	---
---	Anticipation	---	---	---	---	---	---
---	---	---	---	---	---	---	---
---	---	---	---	---	---	---	---
Anger	---	---	---	---	---	---	---
---	---	---	---	---	---	---	---
---	---	---	---	---	---	---	---
---	---	---	---	---	---	---	---
---	---	Disgust	---	---	---	---	---
---	---	---	---	---	---	---	---
---	---	---	---	---	---	---	---
---	---	---	---	---	---	---	---
Anger	---	Disgust	---	---	---	---	---
---	---	---	---	---	---	---	---
---	---	---	---	---	---	---	---
---	---	---	---	Joy	---	---	---
---	---	---	---	---	---	---	---
---	---	---	---	---	---	---	---
---	---	---	---	---	---	---	---
---	---	---	---	---	---	---	---
---	---	---	---	---	---	---	---
Anger	---	---	Fear	---	---	---	---
---	---	---	---	Joy	---	---	---
---	Anticipation	---	---	---	---	---	---
---	---	---	---	---	---	---	---
Anger	---	---	---	---	---	---	---
---	---	---	---	---	---	---	---
---	---	---	---	Joy	---	---	---
---	---	---	---	---	---	---	---
---	---	---	---	---	---	---	---
---	---	---	---	---	---	---	---
---	---	---	---	---	---	---	---
Anger	---	---	---	---	---	---	---
---	---	---	---	---	---	---	---
---	---	---	---	---	---	---	---
---	---	---	---	---	---	---	---
---	---	---	---	---	---	---	---
---	---	---	---	---	---	---	---
---	---	---	---	---	---	---	---
---	---	---	---	---	---	---	---
---	Anticipation	---	---	---	---	---	---
---	---	---	---	Joy	---	---	---
---	---	---	---	---	---	---	---
---	---	---	---	---	---	---	---
---	---	---	---	---	---	---	---
---	---	---	---	---	---	---	---
---	---	---	---	---	---	---	---
---	---	---	---	---	---	---	---
---	---	---	---	---	---	---	---
---	---	---	---	---	---	---	---
---	---	---	---	---	---	---	---
---	---	---	---	---	---	---	---
Anger	---	Disgust	---	---	---	---	---
Anger	---	---	---	---	---	---	---
Anger	---	---	---	---	---	---	---
---	---	---	---	---	---	---	---
---	---	---	Fear	---	---	---	---
---	---	---	---	---	---	---	---
---	---	---	---	---	---	---	---
---	---	---	---	---	---	---	---
---	---	---	---	---	---	---	---
---	---	---	---	---	---	---	---
---	---	---	---	---	---	---	---
---	---	---	---	---	---	---	---
---	---	---	---	---	---	---	---
---	---	---	---	---	---	---	---
---	---	---	---	---	---	---	---
---	---	---	---	Joy	---	---	---
---	---	---	---	---	---	---	---
---	---	---	---	---	---	---	---
---	---	---	---	---	---	---	---
---	---	---	---	---	---	---	---
---	---	---	---	---	---	---	---
---	---	---	---	---	---	---	---
Anger	---	---	---	---	---	---	---
---	---	---	---	---	---	---	---
---	---	---	---	---	---	---	---
Anger	---	---	---	---	---	---	---
---	---	---	---	---	---	---	---
---	---	---	---	---	---	---	---
Anger	---	---	---	---	---	---	---
---	---	---	---	---	---	---	---
---	---	---	---	---	---	---	---
---	---	---	---	---	---	---	---
---	---	---	---	---	---	---	---
---	---	---	---	---	---	---	---
---	---	---	---	---	---	---	---
---	---	---	---	---	---	---	---
---	---	---	---	---	---	---	---
---	---	---	---	---	---	---	---
---	---	---	---	---	---	---	---
---	---	---	---	---	---	---	---
---	---	---	---	---	---	---	---
---	---	---	---	---	---	---	---
Anger	---	---	---	---	---	---	---
---	---	---	---	---	---	---	---
Anger	---	---	---	---	---	---	---
---	---	---	---	---	---	---	---
---	---	---	---	---	---	---	---
Anger	---	---	---	---	---	---	---
Anger	---	---	---	---	---	---	---
---	---	---	---	---	---	---	---
Anger	---	---	---	---	---	---	---
---	---	---	---	---	Sadness	---	---
---	---	---	---	---	---	---	---
---	---	---	---	---	---	---	---
---	---	---	---	---	---	---	---
---	---	---	---	---	---	---	---
---	---	---	---	---	---	---	---
---	---	---	---	---	---	---	---
Anger	---	---	---	---	---	---	---
Anger	---	---	---	---	---	---	---
Anger	---	---	---	---	---	---	---
---	---	---	---	---	Sadness	---	---
---	---	---	---	Joy	---	---	---
---	---	---	---	---	---	---	---
Anger	---	---	---	---	---	---	---
Anger	---	---	---	---	---	---	---
Anger	---	---	---	---	---	---	---
Anger	---	---	---	---	---	---	---
---	---	---	---	---	---	---	---
---	---	---	---	---	---	---	---
---	---	---	---	---	---	---	---
---	---	---	---	---	---	---	---
Anger	---	---	---	---	---	---	---
---	---	---	---	---	---	---	---
---	---	---	---	---	---	---	---
---	---	---	---	---	---	---	---
Anger	---	---	---	---	---	---	---
---	---	---	---	---	---	---	---
---	---	---	---	---	---	---	---
Anger	---	---	---	---	---	---	---
---	---	---	---	---	---	---	---
---	---	---	---	---	---	---	---
---	---	---	---	---	---	---	---
---	---	---	---	---	---	---	---
---	---	---	---	---	---	---	---
---	---	---	---	---	---	---	---
---	---	---	---	---	---	---	---
---	---	---	---	---	---	---	---
---	---	---	---	---	---	---	---
---	---	---	---	---	---	---	---
---	---	---	---	---	---	---	---
---	---	---	---	---	---	Surprise	---
---	---	---	---	---	---	---	---
---	---	---	---	---	---	---	---
Anger	---	---	---	---	---	---	---
---	---	---	---	---	---	---	---
---	---	---	---	---	---	---	---
---	---	---	---	---	---	---	---
---	---	---	---	---	---	---	---
---	---	---	---	---	---	---	---
---	---	---	---	---	---	---	---
---	---	---	---	---	---	---	---
---	---	---	---	Joy	---	---	---
---	---	---	---	---	---	---	---
---	---	---	---	---	---	---	---
---	---	---	---	---	---	---	---
Anger	---	---	---	---	---	---	---
---	---	---	---	---	Sadness	---	---
---	---	---	---	---	---	---	---
---	---	---	---	---	---	---	---
---	---	---	---	---	---	---	---
---	---	---	---	---	---	---	---
---	---	---	---	---	---	---	---
---	---	---	---	---	---	---	---
---	---	---	---	---	---	---	---
Anger	---	---	---	---	---	---	---
Anger	---	---	---	---	---	---	---
Anger	---	---	---	---	---	---	---
---	---	---	---	---	---	---	---
---	---	---	---	Joy	---	---	---
---	---	---	---	---	---	---	---
---	---	---	---	---	---	---	---
---	---	---	---	---	---	---	---
---	---	---	---	---	Sadness	---	---
---	---	---	---	---	---	---	---
---	---	---	---	---	---	---	---
Anger	---	---	---	---	---	---	---
---	---	---	---	---	---	---	---
---	---	---	---	---	---	---	---
---	---	---	---	---	---	---	---
---	---	---	---	---	---	---	---
---	---	---	---	---	---	---	---
---	---	---	---	---	---	---	---
---	---	---	---	---	---	---	---
---	---	---	---	---	---	---	---
---	---	---	---	---	---	Surprise	---
---	---	---	---	---	---	---	---
---	---	---	---	---	---	---	---
---	---	---	---	---	---	Surprise	---
---	---	---	---	---	---	---	---
---	---	---	---	---	---	---	---
---	---	---	---	Joy	---	---	---
Anger	---	---	---	---	---	---	---
---	---	---	---	---	---	---	---
---	---	---	---	---	---	---	---
Anger	---	---	---	---	---	---	---
---	---	---	---	---	---	---	---
---	---	---	---	---	Sadness	---	---
---	Anticipation	---	---	---	---	---	---
---	---	---	---	---	---	---	---
---	---	---	---	---	---	---	---
---	---	---	---	---	---	Surprise	---
---	---	---	---	---	---	---	---
---	---	---	---	---	---	---	---
---	---	---	---	---	---	---	Trust
---	---	---	---	---	---	---	---
---	---	---	---	Joy	---	---	---
---	---	---	---	---	---	---	---
---	---	---	---	---	---	---	---
---	---	---	---	---	---	---	---
---	Anticipation	---	---	---	---	---	---
---	Anticipation	---	---	Joy	---	---	---
---	---	---	---	Joy	---	Surprise	---
---	---	---	---	---	---	---	---
---	---	---	---	---	---	---	---
---	---	---	---	---	---	---	---
---	---	---	---	Joy	---	---	---
---	---	---	---	---	---	---	---
---	Anticipation	---	---	---	---	---	---
---	---	---	---	---	---	---	---
---	---	---	---	---	---	---	---
---	---	---	---	---	---	---	---
---	---	---	---	Joy	---	---	---
---	---	---	---	---	---	---	---
---	---	---	---	---	---	---	---
---	---	---	---	---	---	---	---
---	---	---	---	---	---	---	---
---	---	---	---	---	---	---	---
---	---	---	---	---	---	---	---
---	---	---	---	---	---	---	---
---	---	---	---	Joy	---	---	---
---	---	---	---	Joy	---	---	---
---	---	---	---	---	---	---	---
---	---	---	---	---	---	---	---
Anger	---	---	---	---	---	---	---
---	---	---	---	---	---	---	---
---	---	---	---	---	---	---	---
---	Anticipation	---	---	---	---	---	---
Anger	---	---	---	---	---	---	---
---	---	---	Fear	---	---	---	---
---	---	---	---	---	---	---	---
---	---	---	---	---	---	---	---
---	---	---	---	---	---	---	---
---	---	---	---	---	---	---	---
---	---	---	---	---	---	---	---
---	---	---	---	---	---	---	---
Anger	---	---	---	---	---	---	---
---	Anticipation	---	---	---	---	---	Trust
---	---	---	---	---	---	---	---
---	---	---	---	---	---	---	---
---	---	---	---	---	---	---	---
---	---	---	---	---	---	---	---
---	---	---	---	---	---	---	---
---	---	---	---	---	---	---	---
---	---	---	---	---	---	---	Trust
---	---	---	---	---	---	---	---
---	---	---	---	---	---	---	---
---	---	---	---	---	---	---	---
---	---	---	---	---	---	---	---
---	Anticipation	---	---	---	---	---	---
---	---	---	---	---	---	---	---
---	Anticipation	---	---	---	---	---	---
---	---	---	---	---	---	---	---
---	---	---	---	---	---	---	---
---	---	---	---	---	---	---	---
---	---	---	---	---	---	Surprise	---
---	---	---	---	---	---	---	---
---	---	---	---	---	---	---	---
---	---	---	---	---	---	---	---
Anger	---	---	---	---	---	---	---
---	---	---	---	---	---	---	---
---	---	---	---	---	---	---	---
---	---	---	---	---	---	---	---
---	---	---	---	---	---	---	---
---	---	---	---	---	---	---	---
---	---	---	---	---	---	---	---
---	---	---	---	Joy	---	---	---
---	---	---	---	---	---	---	---
---	---	---	---	---	---	---	---
---	Anticipation	---	---	---	---	---	---
---	---	---	---	---	---	---	---
---	---	---	---	---	---	---	---
---	---	---	---	---	---	---	---
---	---	---	---	---	---	---	---
---	---	---	---	---	---	---	---
---	---	---	---	---	---	---	---
---	---	---	---	Joy	---	---	Trust
---	---	---	---	---	---	---	---
---	---	---	---	---	---	---	---
---	Anticipation	---	---	---	---	---	---
---	---	---	---	---	---	---	---
---	---	---	---	Joy	---	---	---
---	---	---	---	Joy	---	---	---
---	---	---	---	---	---	---	---
---	---	---	---	---	---	---	---
---	---	---	---	---	---	---	---
---	---	---	---	---	---	---	---
---	---	---	---	---	---	---	---
---	---	---	---	---	---	---	---
Anger	---	---	---	---	---	---	---
---	---	---	---	---	---	---	---
---	---	---	---	---	---	---	---
---	---	---	---	---	---	---	---
---	---	---	---	---	---	---	---
---	---	---	---	---	---	---	---
---	---	---	---	---	---	---	---
Anger	---	---	---	---	---	---	---
---	---	---	---	---	---	---	---
---	---	---	---	---	---	---	---
Anger	---	---	---	---	---	---	---
---	---	---	---	---	---	---	---
---	---	---	---	Joy	---	---	---
Anger	---	---	---	---	---	---	---
---	---	---	---	---	---	---	Trust
---	---	---	---	---	---	---	---
---	---	---	---	---	---	---	---
---	---	---	---	---	---	---	---
---	---	---	---	Joy	---	---	---
Anger	---	---	---	---	---	---	---
---	---	---	---	---	---	---	---
---	---	---	---	---	---	---	---
---	---	---	---	---	---	---	---
---	Anticipation	---	---	---	---	---	---
---	---	---	---	Joy	---	---	---
Anger	---	---	---	---	---	---	---
---	---	---	---	Joy	---	---	---
---	---	---	---	---	---	---	---
Anger	---	---	---	---	---	---	---
---	---	---	---	---	---	---	---
XXXXXXXXXXXX EMPTY ANNOTATION
---	---	---	---	---	---	---	---
---	---	---	---	---	---	---	---
---	---	---	---	---	---	---	---
---	---	---	---	---	---	---	---
---	---	---	---	---	---	---	---
---	---	---	---	---	---	---	---
Anger	---	---	---	---	---	---	---
---	---	---	---	---	---	---	---
---	---	---	---	---	---	---	---
---	---	---	---	Joy	---	---	---
---	---	---	---	---	---	---	Trust
---	---	---	---	---	---	---	---
Anger	---	---	---	---	---	---	---
---	---	---	---	Joy	---	---	---
Anger	---	---	---	---	---	---	---
---	---	---	---	---	---	---	---
---	---	---	---	---	---	---	---
---	---	---	---	---	---	---	---
---	---	---	---	---	---	---	---
---	---	---	---	Joy	---	---	---
---	---	---	---	---	---	---	---
---	---	---	---	---	---	---	---
---	---	---	---	---	---	---	---
---	---	---	---	---	---	---	---
---	---	---	---	---	---	---	---
---	---	---	---	---	---	---	---
---	---	---	---	---	---	---	---
---	Anticipation	---	---	---	---	---	---
---	---	---	---	---	---	---	---
---	---	---	---	Joy	---	---	---
Anger	---	---	---	---	---	---	---
---	---	---	---	---	---	---	---
---	---	---	---	---	---	---	---
---	---	---	---	---	---	---	---
---	---	---	---	---	---	---	---
---	---	---	---	---	---	---	---
---	---	---	---	Joy	---	---	---
---	---	---	---	Joy	---	---	---
---	---	---	---	---	---	---	---
---	---	---	---	Joy	---	---	---
---	---	---	---	---	---	---	---
---	---	---	---	---	---	---	---
---	Anticipation	---	---	---	---	---	---
---	---	---	---	Joy	---	---	---
---	---	---	---	---	---	---	---
---	---	---	---	---	---	---	---
---	---	---	---	Joy	---	---	---
---	---	---	---	---	---	---	---
---	---	---	---	Joy	---	---	---
---	---	---	---	---	---	---	---
---	---	---	---	Joy	---	---	---
Anger	---	Disgust	---	---	---	---	---
Anger	---	---	---	---	---	---	---
---	---	---	---	---	---	---	---
---	---	---	---	Joy	---	---	---
---	Anticipation	---	---	---	---	---	---
---	---	---	---	---	Sadness	---	---
---	---	---	---	---	---	---	---
---	---	---	---	Joy	---	---	---
---	---	---	---	Joy	---	---	---
Anger	---	---	---	---	---	---	---
---	---	---	---	Joy	---	---	---
---	---	---	---	---	---	---	---
---	---	---	---	---	---	---	---
---	---	---	---	---	---	---	---
---	---	---	---	---	---	---	---
---	---	---	---	Joy	---	---	---
---	---	---	---	---	---	---	---
---	---	---	---	---	---	---	---
Anger	---	Disgust	---	---	---	---	---
---	---	---	---	---	---	---	---
---	---	---	---	---	---	---	---
Anger	---	---	---	---	---	---	---
---	---	---	---	---	---	---	---
Anger	---	---	---	---	---	---	---
---	---	---	---	---	---	---	---
---	---	---	---	---	---	---	---
---	---	---	---	---	---	---	---
---	---	---	---	Joy	---	---	---
---	---	---	---	---	---	---	---
---	---	---	---	---	---	---	---
---	---	---	---	---	---	---	---
---	---	---	---	---	---	---	---
Anger	---	---	---	---	---	---	---
---	---	---	---	Joy	---	---	---
---	---	---	---	Joy	---	---	---
---	---	---	---	---	---	---	---
---	---	---	---	---	---	---	Trust
---	---	---	---	---	---	---	---
---	---	---	---	Joy	---	---	---
---	---	---	---	Joy	---	---	---
Anger	---	---	---	---	---	---	---
---	---	---	---	---	---	---	---
---	---	---	---	Joy	---	---	---
---	---	---	---	Joy	---	---	---
---	---	---	---	Joy	---	---	---
---	Anticipation	---	---	---	---	---	---
---	---	---	---	---	---	---	---
Anger	---	---	---	---	---	---	---
---	---	---	---	Joy	---	---	---
Anger	---	---	---	---	---	---	---
---	---	---	---	---	---	---	---
---	---	---	---	---	---	---	Trust
---	---	---	---	---	---	---	---
Anger	---	---	---	---	---	---	---
---	---	---	---	Joy	---	---	---
---	---	---	---	---	---	---	---
---	---	---	---	---	---	---	---
---	---	---	---	---	---	---	---
---	---	---	---	---	---	---	---
---	---	---	---	---	---	---	---
---	---	---	---	Joy	---	---	---
---	---	---	---	---	---	---	---
---	---	---	---	---	---	---	---
---	Anticipation	---	---	Joy	---	---	---
Anger	---	---	---	---	---	---	---
---	---	---	---	Joy	---	---	---
Anger	---	---	---	---	---	---	---
Anger	---	---	---	---	---	---	---
---	Anticipation	---	---	---	---	---	---
---	---	---	---	---	---	---	---
---	---	---	---	---	---	---	---
---	---	---	---	---	---	---	---
---	Anticipation	---	---	---	---	---	---
---	---	---	---	---	---	---	---
---	---	---	---	Joy	---	---	---
---	Anticipation	---	---	---	---	---	---
---	---	---	---	---	---	---	---
---	---	---	---	---	---	---	---
---	---	---	---	Joy	---	---	---
---	---	---	---	---	---	---	---
---	---	---	---	---	---	---	---
Anger	---	---	---	---	---	---	---
Anger	---	---	---	---	---	---	---
---	---	---	---	---	---	---	---
---	---	---	---	Joy	---	---	---
---	---	---	---	---	---	---	---
---	Anticipation	---	---	Joy	---	---	---
---	---	---	---	---	---	---	---
Anger	---	---	---	---	---	---	---
---	---	---	---	Joy	---	---	---
Anger	---	---	---	---	---	---	---
---	---	---	---	Joy	---	---	---
---	---	---	---	---	---	---	---
Anger	---	---	---	---	---	---	---
---	---	---	---	---	---	---	---
---	---	---	---	---	---	---	---
---	---	---	---	---	---	---	---
---	---	---	---	---	---	---	---
---	---	---	---	---	---	---	---
---	---	---	---	---	---	---	---
---	---	---	---	Joy	---	---	---
---	---	---	---	---	---	---	---
Anger	---	---	---	---	---	---	---
---	---	---	---	Joy	---	---	---
---	---	---	---	Joy	---	---	---
---	---	---	---	Joy	---	---	---
---	---	---	---	---	---	---	---
---	---	---	---	---	---	---	---
Anger	---	---	---	---	---	---	---
Anger	---	---	---	---	---	---	---
Anger	---	---	---	---	---	---	---
---	Anticipation	---	---	---	---	---	---
---	---	---	---	---	---	---	---
---	---	---	---	---	---	---	---
---	---	---	---	Joy	---	---	---
---	---	---	---	---	---	---	---
Anger	---	---	---	---	---	---	---
---	---	---	---	---	---	---	---
Anger	---	---	---	---	---	---	---
---	---	---	---	---	---	---	---
---	---	---	---	---	---	---	---
---	---	---	---	---	---	---	---
---	---	---	---	Joy	---	---	---
---	---	---	---	---	---	---	---
Anger	---	---	---	---	---	---	---
---	---	---	---	---	---	---	---
---	---	---	---	---	---	---	---
---	---	---	---	---	---	---	---
Anger	---	---	---	---	---	---	---
---	---	---	---	---	---	---	---
---	---	---	---	---	---	---	---
---	---	---	---	---	---	---	---
Anger	---	---	---	---	---	---	---
---	---	---	---	---	---	---	---
---	---	---	---	---	Sadness	---	---
---	---	---	---	Joy	---	---	---
Anger	---	---	---	---	---	---	---
---	---	---	---	---	---	---	---
---	---	---	---	---	---	---	---
---	---	---	---	---	---	---	---
---	---	---	---	---	---	---	---
---	Anticipation	---	---	Joy	---	---	---
---	---	---	---	Joy	---	---	---
---	---	---	---	Joy	---	---	---
---	---	---	---	---	---	---	---
Anger	---	---	---	---	---	---	---
Anger	---	---	---	---	---	---	---
---	---	---	---	---	---	---	---
---	Anticipation	---	---	---	---	---	---
Anger	---	---	---	---	---	---	---
---	---	---	---	---	---	---	---
---	---	---	---	---	---	---	---
Anger	---	---	---	---	---	---	---
---	---	---	---	---	---	---	---
---	---	---	---	Joy	---	---	---
---	---	---	---	---	---	---	---
---	---	---	---	---	---	---	---
---	---	---	---	---	---	---	Trust
---	---	---	---	Joy	---	---	---
---	---	---	---	---	---	---	---
---	---	---	---	Joy	---	---	---
Anger	---	---	---	---	---	---	---
---	---	---	---	---	---	---	---
---	---	---	---	---	---	---	---
---	---	---	---	Joy	---	---	---
---	---	---	---	---	---	---	---
---	---	---	---	---	---	---	---
Anger	---	---	---	---	---	---	---
---	Anticipation	---	---	Joy	---	---	---
Anger	---	---	---	---	---	---	---
---	---	---	---	---	---	---	---
---	---	---	---	---	---	---	---
---	---	---	---	---	---	---	---
---	---	---	---	---	---	---	---
---	---	---	---	---	---	---	---
Anger	---	---	---	---	---	---	---
---	---	---	---	Joy	---	---	---
---	---	---	---	Joy	---	---	---
---	---	---	---	---	---	---	---
---	---	---	---	---	---	---	---
---	---	---	---	---	---	---	---
---	---	---	---	Joy	---	---	---
---	---	---	---	---	---	---	---
---	---	---	---	---	---	---	---
---	---	---	Fear	---	---	---	---
---	---	---	---	---	---	---	---
---	---	---	---	---	---	---	---
---	---	---	---	---	---	---	---
---	---	---	---	Joy	---	---	---
---	---	---	---	---	---	---	---
---	---	---	---	---	---	---	---
---	---	---	---	Joy	---	---	---
---	---	---	---	---	---	---	---
---	---	---	---	---	---	---	---
---	---	---	---	---	---	---	Trust
---	---	---	---	---	---	Surprise	---
---	---	---	---	---	---	---	---
---	---	---	---	Joy	---	---	---
---	---	---	---	---	---	---	---
---	---	---	---	Joy	---	---	---
---	---	---	---	---	---	---	---
---	---	---	---	Joy	---	---	---
---	---	---	---	---	---	---	---
---	---	---	---	---	---	---	---
---	---	---	---	---	---	---	---
---	---	---	---	---	---	---	---
---	---	---	---	---	---	---	---
Anger	---	---	---	---	---	---	---
---	---	---	---	---	---	---	---
---	---	---	---	---	---	---	---
---	---	---	---	---	---	---	---
---	---	---	---	---	---	---	---
---	---	---	---	---	---	---	---
---	---	---	Fear	---	---	---	---
---	---	---	---	Joy	---	---	---
---	---	---	---	---	---	---	---
---	---	---	---	---	---	---	---
---	---	---	---	---	---	---	---
---	---	---	---	---	---	---	---
Anger	---	---	---	---	---	---	---
---	---	---	---	---	---	---	---
---	Anticipation	---	---	---	---	---	---
---	---	---	---	---	---	---	---
---	---	---	---	Joy	---	---	---
---	---	---	---	---	---	---	---
---	---	---	---	---	---	---	---
---	---	---	---	---	---	---	---
---	---	---	---	---	---	---	---
---	---	---	---	---	---	---	---
---	Anticipation	---	---	---	---	---	---
---	---	---	---	---	---	Surprise	---
---	---	---	---	---	---	---	---
---	---	---	---	Joy	---	---	---
---	---	---	Fear	---	---	---	---
---	---	---	---	---	---	---	---
---	---	---	---	Joy	---	---	---
Anger	---	---	---	---	---	---	---
---	Anticipation	---	---	---	---	---	---
---	---	---	---	---	---	---	---
---	---	---	Fear	---	---	---	---
---	---	---	---	---	---	---	---
---	---	---	---	---	---	---	---
---	---	---	---	---	---	---	---
---	---	---	---	---	---	---	---
---	---	---	Fear	---	---	---	---
---	---	---	Fear	---	---	---	---
---	---	---	---	---	---	---	---
Anger	---	---	---	---	---	---	---
Anger	---	---	---	---	---	---	---
---	---	---	---	---	---	---	---
---	---	---	---	---	---	---	---
---	---	Disgust	---	---	---	---	---
---	---	---	---	---	---	---	---
---	---	---	---	Joy	---	---	---
---	---	---	---	---	---	---	---
---	---	---	---	Joy	---	---	---
Anger	---	---	---	---	---	---	---
---	---	---	---	---	---	---	---
---	---	---	---	---	---	---	---
---	---	---	---	---	---	---	---
---	---	---	---	---	---	---	---
Anger	---	---	---	---	---	---	---
---	---	---	---	---	---	---	---
---	---	---	---	---	---	---	---
---	---	---	---	---	---	---	---
---	---	---	---	---	---	---	---
---	---	---	---	---	---	---	---
---	---	---	---	---	---	---	---
---	---	---	---	Joy	---	---	---
---	---	---	---	---	---	---	---
---	---	---	---	---	---	---	---
---	---	---	---	---	---	---	---
---	---	---	---	---	---	---	---
---	---	---	---	Joy	---	---	---
---	---	---	---	---	---	---	---
---	---	---	---	---	---	---	---
---	---	---	---	---	---	---	---
Anger	---	---	---	---	---	---	---
---	---	---	Fear	---	---	---	---
---	---	---	---	Joy	---	---	---
Anger	---	---	---	---	---	---	---
---	---	---	---	---	---	---	---
---	---	---	---	---	---	---	---
---	---	---	---	---	---	---	---
---	Anticipation	---	---	---	---	---	---
---	---	---	---	---	---	---	---
---	---	---	---	---	---	---	---
---	---	---	---	---	---	---	---
---	---	---	---	---	---	---	---
---	---	---	---	Joy	---	---	---
---	---	---	---	---	---	---	---
---	---	---	---	---	---	---	---
---	---	---	---	---	---	---	---
---	---	---	---	---	---	---	---
Anger	---	---	---	---	---	---	---
---	---	Disgust	---	---	---	---	---
---	---	---	---	---	---	---	---
---	---	---	---	---	---	---	---
---	---	---	---	---	---	---	---
---	Anticipation	---	---	---	---	---	---
---	---	---	---	---	---	---	---
---	---	---	---	---	---	---	---
Anger	---	---	---	---	---	---	---
---	---	---	---	---	---	---	---
---	---	---	---	---	---	---	---
---	---	---	---	---	---	---	---
---	---	---	---	---	---	---	---
---	---	---	---	---	---	---	---
Anger	---	---	---	---	---	---	---
---	---	---	---	---	---	---	---
---	---	---	---	---	---	---	---
---	---	---	Fear	---	---	---	---
---	---	---	---	---	---	---	---
---	---	---	---	---	---	---	---
---	---	---	---	---	---	---	---
---	---	---	---	---	---	---	---
---	---	---	---	---	---	---	---
---	---	---	---	---	---	---	---
Anger	---	---	---	---	---	---	---
---	---	---	---	---	---	---	---
---	---	---	---	---	---	---	---
---	---	---	---	---	---	---	---
---	---	---	---	---	---	---	---
---	---	---	---	---	---	---	---
---	---	---	---	---	---	---	---
Anger	---	---	---	---	---	---	---
---	---	---	---	---	---	---	---
---	---	---	---	---	---	---	---
---	---	---	---	---	---	---	---
---	---	---	---	---	---	---	---
---	---	---	---	---	---	---	Trust
---	---	---	---	---	---	---	---
---	---	---	---	---	---	---	---
---	---	---	---	---	---	---	---
---	---	---	---	---	---	---	---
---	---	---	---	Joy	---	---	---
---	---	---	---	---	---	---	---
---	---	---	---	---	---	---	---
---	---	---	---	Joy	---	---	---
---	---	---	---	---	---	---	Trust
---	---	---	---	---	---	---	---
---	---	---	---	Joy	---	---	---
---	---	---	---	---	---	---	---
---	---	---	---	---	---	---	---
---	---	---	---	---	---	---	---
Anger	---	---	---	---	---	---	---
---	---	---	---	---	---	---	---
Anger	---	---	---	---	---	---	---
Anger	---	---	---	---	---	---	---
---	---	---	---	---	---	---	---
---	---	---	---	---	---	---	---
---	---	---	---	---	---	---	---
---	---	---	---	---	---	---	---
---	---	---	---	---	---	---	---
---	---	---	---	Joy	---	---	---
Anger	---	---	---	---	---	---	---
Anger	---	---	---	---	---	---	---
---	---	---	---	---	---	---	---
---	---	---	---	---	---	---	---
---	---	---	---	---	---	---	---
Anger	---	---	---	---	---	---	---
---	---	---	---	Joy	---	---	---
---	---	---	---	---	---	---	---
---	---	---	---	---	---	---	---
---	---	---	---	---	---	---	---
---	---	---	---	---	---	---	---
---	---	---	---	---	---	---	---
Anger	---	---	---	---	---	---	---
---	---	---	---	---	---	---	---
---	---	---	---	---	---	---	---
---	---	---	---	---	---	---	---
---	---	---	---	---	---	---	---
---	---	---	---	---	---	---	---
---	---	---	---	---	---	---	---
---	Anticipation	---	---	---	---	---	---
Anger	---	---	---	---	---	---	---
---	---	---	---	---	---	---	---
---	---	---	---	---	---	---	---
Anger	---	---	---	---	---	---	---
Anger	---	---	---	---	---	---	---
---	---	---	---	---	---	---	---
---	---	---	---	---	---	---	---
Anger	---	---	---	---	---	---	---
---	---	---	---	Joy	---	---	---
---	---	---	---	---	---	---	---
---	---	---	---	---	---	Surprise	---
---	---	---	---	---	---	---	---
---	---	---	---	---	---	---	---
---	---	---	---	---	---	---	---
---	---	---	---	---	---	---	---
---	---	---	---	---	---	---	---
---	---	---	---	Joy	---	---	---
---	---	---	---	---	---	---	---
---	---	---	---	---	---	---	---
---	---	---	---	---	---	---	---
---	---	---	---	---	---	---	---
Anger	---	---	---	---	---	---	---
---	---	---	---	---	---	---	---
---	---	---	---	Joy	---	---	---
---	---	---	---	---	---	---	---
---	---	---	---	---	---	---	---
---	---	---	---	---	---	---	---
---	---	Disgust	---	---	---	---	---
Anger	---	---	---	---	---	---	---
Anger	---	---	---	---	---	---	---
---	---	---	---	Joy	---	---	---
---	---	---	---	---	---	---	---
---	---	---	---	---	---	---	---
---	---	---	---	---	---	---	---
---	---	---	---	---	---	---	---
---	---	---	---	Joy	---	---	---
---	---	---	---	---	---	---	---
---	Anticipation	---	---	---	---	---	---
---	Anticipation	---	---	---	---	---	---
Anger	---	---	---	---	---	---	---
---	---	---	---	---	---	---	---
Anger	---	Disgust	---	---	---	---	---
---	---	---	---	---	---	---	---
---	---	---	---	---	---	---	---
Anger	---	---	---	---	---	---	---
---	---	---	---	---	---	---	---
---	---	---	---	---	---	---	---
---	---	---	---	---	---	---	---
---	---	---	---	---	---	---	---
---	---	---	---	---	---	---	Trust
---	Anticipation	---	Fear	---	---	---	---
---	---	---	---	---	---	---	---
---	---	---	---	Joy	---	---	---
---	---	---	---	---	---	---	---
---	---	---	---	Joy	---	---	---
Anger	---	---	---	---	---	---	---
Anger	---	---	---	---	---	---	---
---	---	---	---	---	---	---	---
---	---	---	---	---	---	---	---
---	---	---	---	---	---	---	---
---	---	---	---	---	---	---	---
Anger	---	---	---	---	---	---	---
---	---	---	---	---	---	---	---
---	---	---	---	---	---	---	---
---	---	---	---	---	---	---	Trust
Anger	---	---	---	---	---	---	---
---	---	---	---	---	---	---	---
---	---	---	---	---	---	---	---
---	---	---	---	---	Sadness	---	---
---	---	---	---	---	---	---	---
---	---	---	---	---	---	---	---
---	---	---	---	---	---	---	---
---	---	---	---	---	---	---	---
---	---	---	---	---	---	---	---
---	---	---	---	---	---	---	---
Anger	---	---	---	---	---	---	---
---	---	---	---	---	---	---	---
---	---	---	---	---	---	---	---
---	---	---	---	Joy	---	---	---
---	---	---	---	---	---	---	---
---	---	---	---	---	---	---	---
---	---	---	---	---	---	---	---
---	---	---	---	---	---	---	---
---	---	---	---	---	Sadness	---	---
---	---	---	---	---	---	---	---
---	---	---	---	---	---	---	---
---	---	---	---	---	---	---	---
Anger	---	---	---	---	---	---	---
---	---	---	---	---	---	---	---
Anger	---	---	---	---	---	---	---
---	---	---	---	---	---	---	---
---	---	---	---	---	---	---	---
---	---	---	---	Joy	---	---	---
Anger	---	---	---	---	---	---	---
---	---	---	---	---	---	---	---
---	---	---	---	---	---	---	---
Anger	---	---	---	---	---	---	---
---	---	---	---	---	---	---	---
Anger	---	---	---	---	---	---	---
Anger	---	---	---	---	---	---	---
---	---	---	---	---	---	---	---
---	---	---	---	---	---	---	---
---	---	---	---	---	---	---	---
---	---	---	---	---	---	---	---
---	---	---	---	Joy	---	---	---
---	---	---	---	---	---	---	---
---	---	---	---	---	---	---	---
---	---	---	---	Joy	---	---	---
---	---	---	---	---	---	---	---
---	---	---	---	---	---	---	---
---	---	---	---	---	---	---	---
---	---	---	---	---	---	---	---
---	---	---	---	---	---	---	---
---	---	---	---	---	---	---	---
---	---	---	---	---	---	---	---
---	---	---	---	Joy	---	---	---
---	---	---	---	Joy	---	---	---
---	---	---	---	---	---	---	---
---	---	---	---	---	---	---	---
Anger	---	---	---	---	---	---	---
Anger	---	---	---	---	---	---	---
---	---	---	---	---	---	---	---
---	---	---	---	---	---	---	---
---	---	---	---	Joy	---	---	---
---	---	---	---	---	---	---	---
Anger	Anticipation	---	---	---	---	---	---
---	Anticipation	---	---	---	---	---	---
---	---	---	---	---	---	---	---
Anger	---	---	---	---	---	---	---
---	---	---	---	---	---	---	---
---	---	---	---	---	---	---	---
---	---	---	---	---	---	---	---
---	---	---	---	---	---	---	---
---	---	---	---	---	---	---	---
---	---	---	---	---	---	---	---
---	---	---	---	---	---	---	---
---	---	---	---	---	---	---	---
Anger	---	---	---	---	---	---	---
---	---	---	---	---	---	---	---
---	---	---	---	---	---	---	---
---	---	---	---	---	---	---	---
---	---	---	---	Joy	---	---	---
---	---	---	---	---	---	---	---
---	---	---	---	---	---	---	---
---	---	---	---	---	---	---	---
---	---	---	---	---	---	---	---
---	---	---	---	---	---	---	---
Anger	---	---	---	---	---	---	---
---	Anticipation	---	---	---	---	---	---
---	---	---	---	---	---	---	---
Anger	---	Disgust	---	---	---	---	---
---	---	---	---	---	Sadness	---	---
Anger	---	---	---	---	---	---	---
Anger	---	---	---	---	---	---	---
---	---	---	---	---	---	---	---
---	---	---	---	---	---	---	---
---	---	---	---	---	---	---	---
---	---	---	---	---	---	---	---
---	---	---	---	---	---	---	---
---	---	---	---	---	---	---	---
---	---	---	---	---	---	---	---
---	---	---	---	---	---	---	---
---	---	---	---	---	---	---	---
Anger	---	---	---	---	---	---	---
---	---	---	---	---	---	---	---
Anger	---	---	---	---	---	---	Trust
---	---	---	---	---	---	---	---
---	---	---	Fear	---	Sadness	---	---
---	---	---	---	---	---	---	---
---	---	---	---	---	Sadness	---	---
---	---	---	---	---	---	---	---
---	---	---	---	---	---	---	---
---	---	---	---	Joy	---	---	---
---	---	---	---	---	---	---	---
Anger	---	---	---	---	---	---	---
Anger	---	---	---	---	---	---	---
---	---	---	---	---	---	---	---
---	---	---	---	---	Sadness	---	---
---	---	---	---	---	---	---	---
---	---	---	---	---	---	---	---
---	---	---	---	---	---	---	---
---	---	---	---	---	---	---	---
---	---	---	---	---	---	---	---
---	---	---	---	---	---	---	---
---	---	---	---	---	---	---	---
Anger	---	---	---	---	---	---	---
---	---	---	---	---	Sadness	---	---
Anger	---	---	---	---	---	---	---
---	---	---	---	---	---	---	---
---	---	---	---	Joy	---	---	---
---	---	---	Fear	---	---	---	---
---	---	---	---	---	---	---	---
---	---	---	---	---	---	---	---
---	---	---	---	---	---	---	---
---	---	---	---	---	---	---	---
---	---	---	---	---	---	---	---
---	---	---	---	---	---	---	---
---	---	---	---	---	---	---	---
---	---	---	---	---	---	---	---
---	---	---	---	---	---	---	---
---	---	---	---	---	---	---	---
---	---	---	---	---	---	---	---
---	---	---	---	---	---	---	---
---	---	---	---	---	---	---	---
---	---	---	---	---	---	---	---
---	---	---	---	---	Sadness	---	---
---	---	Disgust	---	---	---	---	---
---	---	---	---	---	---	---	---
---	---	---	---	---	---	---	---
---	---	---	---	---	---	---	---
---	---	---	---	---	---	---	---
---	---	---	---	---	---	---	---
---	---	---	---	---	---	---	---
---	---	---	---	---	---	---	---
---	---	---	---	---	---	---	---
---	---	---	---	---	---	---	---
Anger	---	---	---	---	---	---	---
---	---	---	---	Joy	---	---	---
---	---	---	---	---	---	---	---
---	---	---	---	Joy	---	---	---
---	---	---	---	---	---	---	---
---	---	---	---	---	---	---	---
---	---	---	---	Joy	---	---	---
---	---	---	---	---	---	---	---
---	---	---	---	---	---	---	---
Anger	---	---	---	Joy	---	---	---
---	Anticipation	---	---	---	---	---	---
---	---	---	---	---	Sadness	---	---
---	---	---	---	---	---	---	---
---	---	---	---	---	---	---	---
---	---	---	---	---	---	---	---
---	Anticipation	---	---	---	---	---	---
---	---	---	---	---	---	---	---
---	---	---	---	---	---	---	---
---	Anticipation	---	---	---	---	---	---
---	---	---	---	---	---	---	---
---	---	---	---	---	---	---	---
---	---	---	---	---	---	---	---
---	---	---	---	---	---	---	---
Anger	---	---	---	---	---	---	---
---	---	---	---	Joy	---	---	---
---	---	---	---	---	---	---	---
---	---	---	---	---	---	---	Trust
---	---	---	---	---	---	---	---
---	---	---	---	---	---	---	---
---	---	---	---	---	---	---	---
---	---	---	---	---	---	---	---
---	---	---	---	---	---	---	---
---	---	---	---	---	---	---	---
---	---	---	---	---	---	---	---
---	---	---	---	---	---	---	---
---	---	---	---	---	---	---	---
---	---	---	---	---	---	---	---
---	---	---	---	Joy	---	---	---
---	---	---	---	Joy	---	---	---
---	---	---	---	---	---	---	---
---	---	---	---	---	---	---	---
---	---	---	---	---	---	---	---
Anger	---	Disgust	---	---	---	---	---
---	---	---	---	Joy	---	---	---
---	---	---	---	---	---	---	---
---	---	---	---	---	---	---	---
---	---	---	---	---	---	---	---
Anger	---	---	---	---	---	---	---
Anger	---	---	---	---	---	---	---
---	---	---	---	---	---	---	---
---	---	---	---	---	---	---	---
---	---	---	---	---	---	---	---
Anger	---	---	---	---	---	---	---
---	---	---	---	---	---	---	---
---	---	---	---	---	---	---	---
---	---	---	---	---	---	---	---
---	---	---	---	---	---	---	---
---	---	---	---	---	---	---	---
---	---	---	---	---	---	---	---
---	---	---	---	---	---	---	---
---	---	---	---	---	---	---	---
---	---	---	---	---	---	---	---
---	---	---	---	---	---	---	---
---	---	---	---	---	---	---	---
---	---	---	---	---	---	---	---
---	---	---	---	---	---	---	---
---	---	---	---	---	---	---	---
---	---	---	---	---	Sadness	---	---
---	---	---	---	---	---	---	---
---	---	---	---	---	---	---	---
---	---	---	---	---	---	---	---
---	---	---	---	---	---	---	---
---	---	---	---	---	---	---	---
---	---	---	---	---	Sadness	---	---
---	---	---	---	---	---	---	---
---	---	---	---	---	---	---	---
---	---	---	---	---	---	---	---
---	---	---	---	---	---	---	---
---	---	---	---	---	---	---	---
---	---	---	---	---	---	---	---
---	Anticipation	---	---	---	---	---	---
---	---	---	---	---	---	---	---
---	---	---	---	---	---	---	---
---	---	---	---	---	---	---	---
---	---	---	---	---	---	---	---
---	---	---	---	---	---	---	---
---	---	---	---	Joy	---	---	---
---	---	---	---	---	---	---	---
---	---	---	---	---	---	---	---
---	---	---	---	---	---	---	---
---	---	---	---	---	---	---	---
---	---	---	---	---	---	---	---
---	---	---	---	---	---	---	---
---	---	---	---	---	---	---	---
---	Anticipation	---	---	---	---	---	---
---	---	---	---	---	---	---	---
---	---	---	---	---	---	---	---
---	---	---	---	---	---	---	---
---	---	---	---	---	---	---	---
---	---	---	---	---	---	---	---
---	---	---	---	---	---	---	---
---	---	---	---	---	---	---	---
---	---	---	---	---	---	---	---
---	---	---	---	---	---	---	---
---	---	---	---	---	---	---	Trust
---	---	---	---	---	---	---	---
Anger	---	---	---	---	---	---	---
---	---	---	---	---	---	---	---
---	Anticipation	---	---	---	---	---	---
---	---	---	---	---	---	---	---
---	---	---	---	---	---	---	---
---	---	---	---	---	---	---	---
---	---	---	---	---	---	---	---
---	---	---	---	---	---	---	---
---	---	---	---	---	---	---	---
---	---	---	---	---	---	---	---
Anger	---	---	---	---	---	---	---
---	---	---	---	---	---	---	---
---	---	---	---	---	---	---	---
---	---	---	---	---	---	---	---
---	---	---	---	---	---	---	---
Anger	---	---	---	---	---	---	---
---	---	---	---	---	---	---	---
---	---	---	---	---	---	---	---
Anger	---	---	---	---	---	---	---
---	---	---	---	---	Sadness	---	---
---	---	---	---	---	---	---	---
Anger	---	---	---	---	---	---	---
---	---	---	---	---	---	---	---
---	---	---	---	---	---	---	---
---	---	---	---	---	---	---	---
---	---	---	---	---	---	---	---
---	---	---	---	---	---	---	---
---	---	---	---	---	---	---	---
Anger	---	---	---	---	---	---	---
---	---	---	---	---	---	---	---
---	---	---	---	Joy	---	---	---
---	---	---	---	---	---	---	---
---	---	---	---	Joy	---	---	---
---	---	---	---	---	---	---	---
---	---	---	---	---	---	---	---
---	---	---	---	---	---	---	---
---	---	---	---	---	---	---	---
Anger	---	---	---	---	---	---	---
---	---	---	---	Joy	---	---	---
---	---	---	---	---	---	---	---
---	---	---	---	---	---	---	---
---	---	---	---	---	---	---	---
---	---	---	---	---	---	---	---
---	---	---	---	---	---	---	---
---	Anticipation	---	---	---	---	---	---
---	---	---	---	---	---	---	---
---	---	---	---	---	---	---	---
---	---	---	---	---	---	---	---
---	---	---	---	---	---	---	---
---	---	---	---	---	---	---	---
---	---	---	---	---	---	---	---
---	---	---	---	---	---	---	---
Anger	---	---	---	---	---	---	---
---	---	---	---	---	---	---	---
---	---	---	---	---	---	---	---
---	---	---	---	---	---	---	---
Anger	---	---	---	---	---	---	---
---	---	---	---	Joy	---	---	---
---	---	---	---	---	---	---	---
---	---	---	---	---	---	---	---
Anger	---	---	---	---	---	---	---
---	---	---	---	---	---	---	---
---	---	---	---	---	---	---	---
---	Anticipation	---	---	---	---	---	---
---	---	---	---	---	---	---	---
Anger	---	---	---	---	---	---	---
Anger	---	---	---	---	---	---	---
---	---	---	---	---	---	---	---
---	Anticipation	---	---	---	---	---	---
---	---	---	---	Joy	---	---	---
---	---	---	---	---	---	---	---
---	---	---	---	---	---	---	---
---	---	---	---	---	Sadness	---	---
---	---	---	---	---	---	---	---
---	---	---	---	---	---	---	---
---	---	---	---	---	---	---	---
---	---	---	---	---	---	---	---
Anger	---	---	---	---	---	---	---
---	Anticipation	---	---	---	---	---	---
---	---	---	---	---	---	---	---
---	---	---	---	---	---	---	---
---	---	---	---	---	---	---	---
Anger	---	---	---	---	---	---	---
---	---	---	---	---	---	---	---
---	---	---	---	Joy	---	---	---
---	---	---	---	---	---	---	---
Anger	---	---	---	---	---	---	---
---	---	---	---	---	---	---	---
---	---	---	---	---	Sadness	---	---
---	---	---	---	Joy	---	---	---
---	---	---	---	---	---	---	---
---	---	---	---	---	---	---	---
---	Anticipation	---	---	Joy	---	---	---
---	---	---	---	---	---	---	---
Anger	---	---	---	---	---	---	---
---	---	---	---	---	---	---	---
---	Anticipation	---	---	---	---	---	---
---	---	---	---	---	---	---	---
---	---	---	---	---	---	---	---
---	---	---	---	---	---	---	---
---	---	---	---	---	Sadness	---	---
---	---	---	---	---	---	---	---
---	---	---	---	---	Sadness	---	---
---	---	---	---	---	---	---	---
---	---	---	---	---	---	---	---
---	---	---	---	---	---	---	---
---	---	---	---	---	---	---	---
---	---	---	---	---	---	---	---
---	---	---	---	---	---	---	---
---	---	---	---	---	---	---	---
---	---	---	---	---	---	---	---
---	---	---	---	---	---	---	---
---	---	---	---	---	---	---	---
---	---	---	---	---	---	---	---
---	---	---	---	---	---	---	---
---	---	---	---	---	---	---	---
---	---	---	---	---	---	---	---
---	---	---	---	---	---	---	---
---	---	---	---	---	---	---	---
---	---	---	---	---	---	---	---
---	---	---	---	---	---	---	---
---	---	---	---	Joy	---	---	---
Anger	---	---	---	---	---	---	---
---	---	---	---	---	---	---	---
---	---	---	---	---	---	---	---
---	---	---	---	---	---	---	---
Anger	---	---	---	---	---	---	---
---	Anticipation	---	---	Joy	---	---	---
---	Anticipation	---	---	---	---	---	---
---	---	---	---	---	---	---	---
---	---	---	---	---	---	---	---
---	Anticipation	---	---	---	---	---	---
---	---	---	---	---	Sadness	---	---
---	---	---	---	---	---	---	---
---	---	---	---	---	---	---	---
---	---	---	---	Joy	---	---	---
---	---	---	---	---	---	---	---
---	---	---	---	Joy	---	---	---
---	---	---	---	Joy	---	---	---
---	---	---	---	---	---	---	---
---	---	---	---	---	---	---	---
---	---	---	---	---	---	---	---
---	---	---	---	---	---	---	---
---	---	---	---	---	---	---	---
---	---	---	---	---	---	---	---
---	---	---	---	---	---	---	---
---	---	---	---	---	---	---	---
---	---	---	---	---	---	---	---
---	---	---	---	---	---	---	---
---	---	---	---	---	---	---	---
---	---	---	---	Joy	---	---	---
---	---	---	---	---	---	---	---
---	---	---	---	Joy	---	---	---
Anger	---	---	---	---	---	---	---
Anger	---	---	---	---	---	---	---
---	---	---	---	---	---	---	---
---	---	---	---	---	Sadness	---	---
---	---	---	---	---	---	---	---
---	---	---	---	---	---	---	---
---	---	---	---	---	---	---	---
---	---	---	---	---	---	---	---
---	---	---	---	---	---	---	---
---	---	---	---	---	---	---	---
---	---	---	---	---	---	---	---
---	---	---	---	---	---	---	---
---	---	---	---	---	---	---	---
---	---	---	---	---	---	---	---
---	---	---	---	---	---	---	Trust
---	---	---	---	---	---	---	---
---	---	---	---	---	---	---	Trust
---	---	---	---	---	---	---	---
---	---	---	---	---	---	---	---
---	---	---	---	---	---	---	---
---	---	---	---	---	---	---	---
---	---	---	---	---	---	---	---
Anger	---	---	---	---	---	---	---
---	---	---	---	---	---	---	---
---	Anticipation	---	---	---	---	---	---
Anger	---	---	Fear	---	---	---	---
---	---	---	---	---	---	---	---
---	---	---	---	---	---	---	---
Anger	---	---	---	---	---	---	---
---	---	---	---	---	---	---	---
---	---	---	---	---	---	---	---
---	---	---	---	---	---	---	---
---	---	---	---	---	---	---	---
---	---	---	---	---	---	---	---
Anger	---	Disgust	---	---	---	---	---
---	---	---	---	---	---	---	---
---	---	---	---	---	---	---	---
---	---	---	---	---	---	---	Trust
Anger	---	---	---	---	---	---	---
---	---	---	---	---	---	---	---
---	---	---	---	---	---	---	---
---	---	---	---	---	Sadness	---	---
---	---	---	---	---	---	---	---
---	---	---	---	---	---	---	---
---	---	---	---	---	---	---	---
---	---	---	---	---	---	---	---
---	---	---	---	---	---	---	---
---	---	---	---	---	---	---	---
---	---	---	---	---	---	---	---
Anger	---	---	---	---	---	---	---
Anger	---	---	---	---	---	---	---
---	---	---	---	---	---	---	---
Anger	---	---	---	---	---	---	---
---	---	---	---	---	Sadness	---	---
---	---	---	---	---	---	---	---
Anger	---	---	---	---	---	---	---
Anger	---	---	---	---	---	---	---
Anger	---	---	---	---	---	---	---
Anger	Anticipation	---	---	---	---	---	---
---	---	---	---	---	---	Surprise	---
---	---	---	---	---	---	---	---
---	---	---	---	Joy	---	---	---
---	---	---	---	---	---	---	---
---	---	---	---	---	---	---	---
---	---	---	---	---	---	---	---
---	---	---	---	---	---	---	---
---	---	---	---	---	---	---	---
---	---	---	---	---	---	---	---
---	---	---	---	Joy	---	---	---
---	---	---	---	---	---	---	---
Anger	---	---	---	---	---	---	---
Anger	---	---	---	---	---	---	---
Anger	---	---	---	---	---	---	---
---	---	---	---	---	Sadness	---	---
---	---	---	---	Joy	---	---	---
---	---	---	---	---	---	---	---
---	---	---	---	---	---	---	---
---	---	---	---	---	---	---	---
Anger	---	---	---	---	---	---	---
---	---	---	---	---	---	---	---
---	---	---	---	---	---	---	---
---	---	---	---	---	---	---	---
---	---	---	---	---	---	---	---
---	---	---	---	---	---	---	---
---	---	---	---	---	---	---	---
---	---	---	---	---	---	---	---
---	---	---	---	---	---	---	---
---	---	---	---	---	Sadness	---	---
---	---	---	---	---	---	---	---
Anger	---	---	---	---	---	---	---
---	---	---	---	Joy	---	---	---
---	---	---	---	---	---	---	---
---	---	---	---	---	---	---	---
---	---	---	---	---	---	---	---
---	---	---	---	---	---	---	---
---	---	---	---	Joy	---	---	---
---	---	---	---	---	---	---	---
---	---	---	---	---	---	Surprise	---
---	---	---	---	---	---	---	---
---	---	---	---	---	---	---	---
---	---	---	---	---	---	---	---
---	---	---	---	---	---	---	---
---	---	---	---	---	---	---	---
---	---	---	---	---	---	---	---
---	---	---	---	---	---	---	---
---	---	---	---	---	---	---	---
---	---	---	---	Joy	---	---	---
---	---	---	---	---	---	---	---
---	---	---	---	---	---	---	---
---	---	---	---	---	---	---	---
Anger	---	---	---	---	---	---	---
---	---	---	---	---	---	---	---
---	---	---	---	---	---	---	---
Anger	---	---	---	---	---	---	---
---	---	---	---	Joy	---	---	---
---	---	---	---	---	---	---	---
---	---	---	---	---	---	---	---
---	---	---	---	---	---	---	---
Anger	---	---	---	---	---	---	---
---	---	---	---	---	---	---	---
---	---	Disgust	---	---	---	---	---
---	---	---	---	---	---	---	---
---	---	---	---	---	Sadness	---	---
Anger	---	---	---	---	---	---	---
Anger	---	---	---	---	---	---	---
---	---	---	---	---	---	---	---
---	---	---	---	---	---	---	---
---	---	---	---	---	---	---	---
---	---	---	---	---	---	---	---
---	---	---	---	---	---	---	---
---	---	---	---	---	---	---	---
---	---	---	---	---	---	---	---
---	---	---	---	---	---	---	---
Anger	---	---	---	---	---	---	---
---	---	---	---	---	---	---	---
---	---	---	---	---	---	---	---
---	---	---	---	Joy	---	---	---
---	---	---	---	---	---	---	Trust
---	---	---	---	---	---	---	---
---	---	---	---	---	---	---	---
---	---	---	---	---	---	---	---
---	---	---	---	---	---	---	---
---	---	---	---	---	---	---	---
---	---	Disgust	---	---	Sadness	---	---
---	---	---	---	---	---	---	---
---	---	---	---	---	---	---	---
---	---	---	---	---	---	---	---
---	---	---	Fear	---	---	---	---
---	---	---	Fear	---	---	---	---
---	---	---	---	---	---	---	---
---	---	---	---	---	---	---	---
---	---	---	---	---	---	---	---
---	---	---	---	---	---	---	---
---	---	---	---	---	---	---	---
---	---	---	---	---	---	---	---
---	---	---	---	---	---	---	---
---	---	---	---	---	---	---	---
---	---	---	---	---	---	---	---
---	---	---	---	---	---	---	---
---	---	---	---	---	---	---	---
---	---	---	---	---	---	---	---
---	---	---	---	Joy	---	---	---
---	---	---	---	---	---	---	---
Anger	---	---	---	---	---	---	---
---	---	---	---	---	---	---	---
---	---	---	---	---	---	---	---
---	---	---	---	---	---	---	---
---	---	---	---	---	---	---	---
---	---	---	---	---	---	---	---
---	---	---	---	---	---	---	---
---	---	---	---	---	---	---	---
---	---	---	---	---	---	---	---
---	---	---	---	---	---	---	---
---	---	---	---	---	---	Surprise	---
---	---	---	---	---	---	---	---
---	---	---	---	---	---	---	---
---	---	---	---	---	---	---	---
---	---	---	---	---	---	---	---
---	---	---	---	---	---	---	---
---	---	---	---	---	Sadness	---	---
---	---	---	---	---	---	---	---
---	---	---	---	---	---	---	---
Anger	---	---	---	---	---	---	---
---	---	---	---	---	---	---	---
---	---	---	---	---	---	---	---
